{
    "dataVersion": 1,
    "bodyType": 1,
    "skinColor": {
        "r": 0.903333306312561,
        "g": 0.7276606559753418,
        "b": 0.5901777744293213,
        "a": 1.0
    },
    "tintColor": {
        "r": 1.0,
        "g": 1.0,
        "b": 1.0,
        "a": 1.0
    },
    "slotData": [
        {
            "category": 0,
            "partName": "Sci-Fi Set 00 Female",
            "partPackage": "Sci-Fi",
            "color1": {
                "r": 0.1031619980931282,
                "g": 0.10124444961547852,
                "b": 0.1133333370089531,
                "a": 1.0
            },
            "color2": {
                "r": 0.5166666507720947,
                "g": 0.09127777814865112,
                "b": 0.2974551320075989,
                "a": 1.0
            },
            "color3": {
                "r": 0.1031619980931282,
                "g": 0.10124444961547852,
                "b": 0.1133333370089531,
                "a": 1.0
            }
        },
        {
            "category": 1,
            "partName": "Sci-Fi Set 00",
            "partPackage": "Sci-Fi",
            "color1": {
                "r": 0.1031619980931282,
                "g": 0.10124444961547852,
                "b": 0.1133333370089531,
                "a": 1.0
            },
            "color2": {
                "r": 0.1031619980931282,
                "g": 0.10124444961547852,
                "b": 0.1133333370089531,
                "a": 1.0
            },
            "color3": {
                "r": 0.5166666507720947,
                "g": 0.09127777814865112,
                "b": 0.2974551320075989,
                "a": 1.0
            }
        },
        {
            "category": 2,
            "partName": "00",
            "partPackage": "Base",
            "color1": {
                "r": 0.5,
                "g": 0.5,
                "b": 0.5,
                "a": 1.0
            },
            "color2": {
                "r": 0.5,
                "g": 0.5,
                "b": 0.5,
                "a": 1.0
            },
            "color3": {
                "r": 0.5,
                "g": 0.5,
                "b": 0.5,
                "a": 1.0
            }
        },
        {
            "category": 3,
            "partName": "01",
            "partPackage": "Base",
            "color1": {
                "r": 0.20392157137393952,
                "g": 0.12941178679466248,
                "b": 0.07058825343847275,
                "a": 1.0
            },
            "color2": {
                "r": 0.20392157137393952,
                "g": 0.12941178679466248,
                "b": 0.07058825343847275,
                "a": 1.0
            },
            "color3": {
                "r": 0.20392157137393952,
                "g": 0.12941178679466248,
                "b": 0.07058825343847275,
                "a": 1.0
            }
        },
        {
            "category": 4,
            "partName": "00",
            "partPackage": "Base",
            "color1": {
                "r": 0.2705882489681244,
                "g": 0.20000000298023225,
                "b": 0.16078431904315949,
                "a": 1.0
            },
            "color2": {
                "r": 0.2705882489681244,
                "g": 0.20000000298023225,
                "b": 0.16078431904315949,
                "a": 1.0
            },
            "color3": {
                "r": 0.2705882489681244,
                "g": 0.20000000298023225,
                "b": 0.16078431904315949,
                "a": 1.0
            }
        },
        {
            "category": 5,
            "partName": "",
            "partPackage": "",
            "color1": {
                "r": 0.3019607961177826,
                "g": 0.1921568661928177,
                "b": 0.1921568661928177,
                "a": 1.0
            },
            "color2": {
                "r": 0.3019607961177826,
                "g": 0.1921568661928177,
                "b": 0.1921568661928177,
                "a": 1.0
            },
            "color3": {
                "r": 0.3019607961177826,
                "g": 0.1921568661928177,
                "b": 0.1921568661928177,
                "a": 1.0
            }
        },
        {
            "category": 6,
            "partName": "Sci-Fi Set 01",
            "partPackage": "Sci-Fi",
            "color1": {
                "r": 0.1031619980931282,
                "g": 0.10124444961547852,
                "b": 0.1133333370089531,
                "a": 1.0
            },
            "color2": {
                "r": 0.5166666507720947,
                "g": 0.09127777814865112,
                "b": 0.2974551320075989,
                "a": 1.0
            },
            "color3": {
                "r": 0.1031619980931282,
                "g": 0.10124444961547852,
                "b": 0.1133333370089531,
                "a": 1.0
            }
        },
        {
            "category": 7,
            "partName": "Sci-Fi 19",
            "partPackage": "Sci-Fi",
            "color1": {
                "r": 0.7568627595901489,
                "g": 0.7960784435272217,
                "b": 0.7647058963775635,
                "a": 1.0
            },
            "color2": {
                "r": 0.7568627595901489,
                "g": 0.7960784435272217,
                "b": 0.7647058963775635,
                "a": 1.0
            },
            "color3": {
                "r": 0.7568627595901489,
                "g": 0.7960784435272217,
                "b": 0.7647058963775635,
                "a": 1.0
            }
        },
        {
            "category": 8,
            "partName": "Sci-Fi 00",
            "partPackage": "Sci-Fi",
            "color1": {
                "r": 0.1031619980931282,
                "g": 0.10124444961547852,
                "b": 0.1133333370089531,
                "a": 1.0
            },
            "color2": {
                "r": 0.8133333325386047,
                "g": 0.15182222425937653,
                "b": 0.47244322299957278,
                "a": 1.0
            },
            "color3": {
                "r": 0.5,
                "g": 0.5,
                "b": 0.5,
                "a": 1.0
            }
        },
        {
            "category": 9,
            "partName": "04",
            "partPackage": "Base",
            "color1": {
                "r": 0.6431372761726379,
                "g": 0.3803921639919281,
                "b": 0.27450981736183169,
                "a": 1.0
            },
            "color2": {
                "r": 0.6431372761726379,
                "g": 0.3803921639919281,
                "b": 0.27450981736183169,
                "a": 1.0
            },
            "color3": {
                "r": 0.6431372761726379,
                "g": 0.3803921639919281,
                "b": 0.27450981736183169,
                "a": 1.0
            }
        },
        {
            "category": 10,
            "partName": "07",
            "partPackage": "Base",
            "color1": {
                "r": 0.5,
                "g": 0.5,
                "b": 0.5,
                "a": 1.0
            },
            "color2": {
                "r": 0.5,
                "g": 0.5,
                "b": 0.5,
                "a": 1.0
            },
            "color3": {
                "r": 0.5,
                "g": 0.5,
                "b": 0.5,
                "a": 1.0
            }
        },
        {
            "category": 11,
            "partName": "Sci-Fi Set 00 Female",
            "partPackage": "Sci-Fi",
            "color1": {
                "r": 0.1031619980931282,
                "g": 0.10124444961547852,
                "b": 0.1133333370089531,
                "a": 1.0
            },
            "color2": {
                "r": 0.1031619980931282,
                "g": 0.10124444961547852,
                "b": 0.1133333370089531,
                "a": 1.0
            },