{
    "dataVersion": 1,
    "bodyType": 0,
    "skinColor": {
        "r": 1.0,
        "g": 0.7647058963775635,
        "b": 0.6392157077789307,
        "a": 1.0
    },
    "tintColor": {
        "r": 1.0,
        "g": 1.0,
        "b": 1.0,
        "a": 1.0
    },
    "slotData": [
        {
            "category": 0,
            "partName": "Sci-Fi 04 Male",
            "partPackage": "Sci-Fi",
            "color1": {
                "r": 0.0,
                "g": 0.7466492056846619,
                "b": 0.7529411911964417,
                "a": 1.0
            },
            "color2": {
                "r": 1.0,
                "g": 1.0,
                "b": 1.0,
                "a": 1.0
            },
            "color3": {
                "r": 0.1568627506494522,
                "g": 0.1568627506494522,
                "b": 0.1568627506494522,
                "a": 1.0
            }
        },
        {
            "category": 1,
            "partName": "Cyborg 02",
            "partPackage": "Cyborg",
            "color1": {
                "r": 0.0,
                "g": 0.7466492056846619,
                "b": 0.7529411911964417,
                "a": 1.0
            },
            "color2": {
                "r": 0.1568627506494522,
                "g": 0.1568627506494522,
                "b": 0.1568627506494522,
                "a": 1.0
            },
            "color3": {
                "r": 1.0,
                "g": 1.0,
                "b": 1.0,
                "a": 1.0
            }
        },
        {
            "category": 2,
            "partName": "00",
            "partPackage": "Base",
            "color1": {
                "r": 0.5,
                "g": 0.5,
                "b": 0.5,
                "a": 1.0
            },
            "color2": {
                "r": 0.5,
                "g": 0.5,
                "b": 0.5,
                "a": 1.0
            },
            "color3": {
                "r": 0.5,
                "g": 0.5,
                "b": 0.5,
                "a": 1.0
            }
        },
        {
            "category": 3,
            "partName": "00",
            "partPackage": "Custom",
            "color1": {
                "r": 0.8649365305900574,
                "g": 0.6741531491279602,
                "b": 0.18126457929611207,
                "a": 1.0
            },
            "color2": {
                "r": 0.8649365305900574,
                "g": 0.6741531491279602,
                "b": 0.18126457929611207,
                "a": 1.0
            },
            "color3": {
                "r": 0.8649365305900574,
                "g": 0.6741531491279602,
                "b": 0.18126457929611207,
                "a": 1.0
            }
        },
        {
            "category": 4,
            "partName": "00",
            "partPackage": "Base",
            "color1": {
                "r": 0.0828578844666481,
                "g": 0.31430041790008547,
                "b": 0.39537128806114199,
                "a": 1.0
            },
            "color2": {
                "r": 0.0828578844666481,
                "g": 0.31430041790008547,
                "b": 0.39537128806114199,
                "a": 1.0
            },
            "color3": {
                "r": 0.0828578844666481,
                "g": 0.31430041790008547,
                "b": 0.39537128806114199,
                "a": 1.0
            }
        },
        {
            "category": 5,
            "partName": "",
            "partPackage": "",
            "color1": {
                "r": 0.8649365305900574,
                "g": 0.6741531491279602,
                "b": 0.18126457929611207,
                "a": 1.0
            },
            "color2": {
                "r": 0.8649365305900574,
                "g": 0.6741531491279602,
                "b": 0.18126457929611207,
                "a": 1.0
            },
            "color3": {
                "r": 0.8649365305900574,
                "g": 0.6741531491279602,
                "b": 0.18126457929611207,
                "a": 1.0
            }
        },
        {
            "category": 6,
            "partName": "",
            "partPackage": "",
            "color1": {
                "r": 0.5,
                "g": 0.5,
                "b": 0.5,
                "a": 1.0
            },
            "color2": {
                "r": 0.5,
                "g": 0.5,
                "b": 0.5,
                "a": 1.0
            },
            "color3": {
                "r": 0.5,
                "g": 0.5,
                "b": 0.5,
                "a": 1.0
            }
        },
        {
            "category": 7,
            "partName": "Daily 01",
            "partPackage": "Daily",
            "color1": {
                "r": 0.8649365305900574,
                "g": 0.6741531491279602,
                "b": 0.18126457929611207,
                "a": 1.0
            },
            "color2": {
                "r": 0.8649365305900574,
                "g": 0.6741531491279602,
                "b": 0.18126457929611207,
                "a": 1.0
            },
            "color3": {
                "r": 0.8649365305900574,
                "g": 0.6741531491279602,
                "b": 0.18126457929611207,
                "a": 1.0
            }
        },
        {
            "category": 8,
            "partName": "",
            "partPackage": "",
            "color1": {
                "r": 0.5,
                "g": 0.5,
                "b": 0.5,
                "a": 1.0
            },
            "color2": {
                "r": 0.5,
                "g": 0.5,
                "b": 0.5,
                "a": 1.0
            },
            "color3": {
                "r": 0.5,
                "g": 0.5,
                "b": 0.5,
                "a": 1.0
            }
        },
        {
            "category": 9,
            "partName": "02",
            "partPackage": "Emote",
            "color1": {
                "r": 1.0,
                "g": 0.7647058963775635,
                "b": 0.6392157077789307,
                "a": 1.0
            },
            "color2": {
                "r": 1.0,
                "g": 0.7647058963775635,
                "b": 0.6392157077789307,
                "a": 1.0
            },
            "color3": {
                "r": 1.0,
                "g": 0.7647058963775635,
                "b": 0.6392157077789307,
                "a": 1.0
            }
        },
        {
            "category": 10,
            "partName": "10",
            "partPackage": "Base",
            "color1": {
                "r": 0.5,
                "g": 0.5,
                "b": 0.5,
                "a": 1.0
            },
            "color2": {
                "r": 0.5,
                "g": 0.5,
                "b": 0.5,
                "a": 1.0
            },
            "color3": {
                "r": 0.5,
                "g": 0.5,
                "b": 0.5,
                "a": 1.0
            }
        },
        {
            "category": 11,
            "partName": "Fantasy 00 Male",
            "partPackage": "Fantasy",
            "color1": {
                "r": 0.0,
                "g": 0.7466492056846619,
                "b": 0.7529411911964417,
                "a": 1.0
            },
            "color2": {
                "r": 1.0,
                "g": 1.0,
                "b": 1.0,
                "a": 1.0
            },
            "color3": {
                "r": 0.1568627506494522,
                "g": 0.1568627506494522,
                "b": 0.1568627506494522,
                "a": 1.0
            }
        },
        {
            "category": 12,
            "partName": "",
            "partPackage": "",
            "color1": {
                "r": 0.5,
                "g": 0.5,
                "b": 0.5,
                "a": 1.0
            },
            "color2": {
                "r": 0.5,
                "g": 0.5,
                "b": 0.5,