{
    "dataVersion": 1,
    "bodyType": 1,
    "skinColor": {
        "r": 1.0,
        "g": 0.8494929075241089,
        "b": 0.7941176295280457,
        "a": 1.0
    },
    "tintColor": {
        "r": 1.0,
        "g": 1.0,
        "b": 1.0,
        "a": 1.0
    },
    "slotData": [
        {
            "category": 0,
            "partName": "Sci-Fi 01 Female",
            "partPackage": "Sci-Fi",
            "color1": {
                "r": 1.0,
                "g": 1.0,
                "b": 1.0,
                "a": 1.0
            },
            "color2": {
                "r": 0.1442474126815796,
                "g": 0.1618512123823166,
                "b": 0.21323531866073609,
                "a": 1.0
            },
            "color3": {
                "r": 0.0,
                "g": 0.7466492056846619,
                "b": 0.7529411911964417,
                "a": 1.0
            }
        },
        {
            "category": 1,
            "partName": "Sci-Fi 05",
            "partPackage": "Sci-Fi",
            "color1": {
                "r": 1.0,
                "g": 1.0,
                "b": 1.0,
                "a": 1.0
            },
            "color2": {
                "r": 0.0,
                "g": 0.7466492056846619,
                "b": 0.7529411911964417,
                "a": 1.0
            },
            "color3": {
                "r": 0.5,
                "g": 0.5,
                "b": 0.5,
                "a": 1.0
            }
        },
        {
            "category": 2,
            "partName": "00",
            "partPackage": "Base",
            "color1": {
                "r": 0.5,
                "g": 0.5,
                "b": 0.5,
                "a": 1.0
            },
            "color2": {
                "r": 0.5,
                "g": 0.5,
                "b": 0.5,
                "a": 1.0
            },
            "color3": {
                "r": 0.5,
                "g": 0.5,
                "b": 0.5,
                "a": 1.0
            }
        },
        {
            "category": 3,
            "partName": "01",
            "partPackage": "Base",
            "color1": {
                "r": 0.1442474126815796,
                "g": 0.1618512123823166,
                "b": 0.21323531866073609,
                "a": 1.0
            },
            "color2": {
                "r": 0.1442474126815796,
                "g": 0.1618512123823166,
                "b": 0.21323531866073609,
                "a": 1.0
            },
            "color3": {
                "r": 0.1442474126815796,
                "g": 0.1618512123823166,
                "b": 0.21323531866073609,
                "a": 1.0
            }
        },
        {
            "category": 4,
            "partName": "00",
            "partPackage": "Base",
            "color1": {
                "r": 0.0,
                "g": 0.7466492056846619,
                "b": 0.7529411911964417,
                "a": 1.0
            },
            "color2": {
                "r": 0.0,
                "g": 0.7466492056846619,
                "b": 0.7529411911964417,
                "a": 1.0
            },
            "color3": {
                "r": 0.0,
                "g": 0.7466492056846619,
                "b": 0.7529411911964417,
                "a": 1.0
            }
        },
        {
            "category": 5,
            "partName": "",
            "partPackage": "",
            "color1": {
                "r": 0.3019607961177826,
                "g": 0.1921568661928177,
                "b": 0.1921568661928177,
                "a": 1.0
            },
            "color2": {
                "r": 0.3019607961177826,
                "g": 0.1921568661928177,
                "b": 0.1921568661928177,
                "a": 1.0
            },
            "color3": {
                "r": 0.3019607961177826,
                "g": 0.1921568661928177,
                "b": 0.1921568661928177,
                "a": 1.0
            }
        },
        {
            "category": 6,
            "partName": "",
            "partPackage": "",
            "color1": {
                "r": 0.5,
                "g": 0.5,
                "b": 0.5,
                "a": 1.0
            },
            "color2": {
                "r": 0.5,
                "g": 0.5,
                "b": 0.5,
                "a": 1.0
            },
            "color3": {
                "r": 0.5,
                "g": 0.5,
                "b": 0.5,
                "a": 1.0
            }
        },
        {
            "category": 7,
            "partName": "18",
            "partPackage": "Base",
            "color1": {
                "r": 0.1442474126815796,
                "g": 0.1618512123823166,
                "b": 0.21323531866073609,
                "a": 1.0
            },
            "color2": {
                "r": 0.1442474126815796,
                "g": 0.1618512123823166,
                "b": 0.21323531866073609,
                "a": 1.0
            },
            "color3": {
                "r": 0.1442474126815796,
                "g": 0.1618512123823166,
                "b": 0.21323531866073609,
                "a": 1.0
            }
        },
        {
            "category": 8,
            "partName": "",
            "partPackage": "",
            "color1": {
                "r": 0.5,
                "g": 0.5,
                "b": 0.5,
                "a": 1.0
            },
            "color2": {
                "r": 0.5,
                "g": 0.5,
                "b": 0.5,
                "a": 1.0
            },
            "color3": {
                "r": 0.5,
                "g": 0.5,
                "b": 0.5,
                "a": 1.0
            }
        },
        {
            "category": 9,
            "partName": "05",
            "partPackage": "Base",
            "color1": {
                "r": 1.0,
                "g": 0.7647058963775635,
                "b": 0.6392157077789307,
                "a": 1.0
            },
            "color2": {
                "r": 1.0,
                "g": 0.7647058963775635,
                "b": 0.6392157077789307,
                "a": 1.0
            },
            "color3": {
                "r": 1.0,
                "g": 0.7647058963775635,
                "b": 0.6392157077789307,
                "a": 1.0
            }
        },
        {
            "category": 10,
            "partName": "01",
            "partPackage": "Base",
            "color1": {
                "r": 0.5,
                "g": 0.5,
                "b": 0.5,
                "a": 1.0
            },
            "color2": {
                "r": 0.5,
                "g": 0.5,
                "b": 0.5,
                "a": 1.0
            },
            "color3": {
                "r": 0.5,
                "g": 0.5,
                "b": 0.5,
                "a": 1.0
            }
        },
        {
            "category": 11,
            "partName": "Sci-Fi 01 Female",
            "partPackage": "Sci-Fi",
            "color1": {
                "r": 0.1442474126815796,
                "g": 0.1618512123823166,
                "b": 0.21323531866073609,
                "a": 1.0
            },
            "color2": {
                "r": 0.0,
                "g": 0.7466492056846619,
                "b": 0.7529411911964417,
                "a": 1.0
            },
            "color3": {
                "r": 0.1442474126815796,
                "g": 0.1618512123823166,
                "b": 0.21323531866073609,
                "a": 1.0
            }
        },
        {
            "category": 12,
            "partName": "Makeup 00",
            "partPackage": "Daily",
            "color1": {
                "r": 0.1442474126815796,
                "g": 0.1618512123823166,
                "b": 0.21323531866073609,
                "a": 0.6043165326118469
            },
            "color2": {
                "r": 0.5,
                "g": 0.5,
                "b": 0.5,