{
    "dataVersion": 1,
    "bodyType": 0,
    "skinColor": {
        "r": 1.0,
        "g": 0.7647058963775635,
        "b": 0.6392157077789307,
        "a": 1.0
    },
    "tintColor": {
        "r": 1.0,
        "g": 1.0,
        "b": 1.0,
        "a": 1.0
    },
    "slotData": [
        {
            "category": 0,
            "partName": "Daily 13 Male",
            "partPackage": "Daily",
            "color1": {
                "r": 0.1882352977991104,
                "g": 0.21960784494876862,
                "b": 0.06666667759418488,
                "a": 1.0
            },
            "color2": {
                "r": 0.5843137502670288,
                "g": 0.6000000238418579,
                "b": 0.6039215922355652,
                "a": 1.0
            },
            "color3": {
                "r": 0.40392157435417178,
                "g": 0.46666666865348818,
                "b": 0.3450980484485626,
                "a": 1.0
            }
        },
        {
            "category": 1,
            "partName": "PA 01",
            "partPackage": "Post Apocalyptic",
            "color1": {
                "r": 0.1401139497756958,
                "g": 0.1666666716337204,
                "b": 0.037222228944301608,
                "a": 1.0
            },
            "color2": {
                "r": 0.40392157435417178,
                "g": 0.46666666865348818,
                "b": 0.3450980484485626,
                "a": 1.0
            },
            "color3": {
                "r": 0.1401139497756958,
                "g": 0.1666666716337204,
                "b": 0.037222228944301608,
                "a": 1.0
            }
        },
        {
            "category": 2,
            "partName": "00",
            "partPackage": "Base",
            "color1": {
                "r": 0.5,
                "g": 0.5,
                "b": 0.5,
                "a": 1.0
            },
            "color2": {
                "r": 0.5,
                "g": 0.5,
                "b": 0.5,
                "a": 1.0
            },
            "color3": {
                "r": 0.5,
                "g": 0.5,
                "b": 0.5,
                "a": 1.0
            }
        },
        {
            "category": 3,
            "partName": "00",
            "partPackage": "Emote",
            "color1": {
                "r": 0.5808823108673096,
                "g": 0.5808823108673096,
                "b": 0.5808823108673096,
                "a": 1.0
            },
            "color2": {
                "r": 0.5808823108673096,
                "g": 0.5808823108673096,
                "b": 0.5808823108673096,
                "a": 1.0
            },
            "color3": {
                "r": 0.5808823108673096,
                "g": 0.5808823108673096,
                "b": 0.5808823108673096,
                "a": 1.0
            }
        },
        {
            "category": 4,
            "partName": "00",
            "partPackage": "Base",
            "color1": {
                "r": 0.5,
                "g": 0.5,
                "b": 0.5,
                "a": 1.0
            },
            "color2": {
                "r": 0.5,
                "g": 0.5,
                "b": 0.5,
                "a": 1.0
            },
            "color3": {
                "r": 0.5,
                "g": 0.5,
                "b": 0.5,
                "a": 1.0
            }
        },
        {
            "category": 5,
            "partName": "Sci-Fi 02",
            "partPackage": "Sci-Fi",
            "color1": {
                "r": 0.5808823108673096,
                "g": 0.5808823108673096,
                "b": 0.5808823108673096,
                "a": 1.0
            },
            "color2": {
                "r": 0.5808823108673096,
                "g": 0.5808823108673096,
                "b": 0.5808823108673096,
                "a": 1.0
            },
            "color3": {
                "r": 0.5808823108673096,
                "g": 0.5808823108673096,
                "b": 0.5808823108673096,
                "a": 1.0
            }
        },
        {
            "category": 6,
            "partName": "PA 02",
            "partPackage": "Post Apocalyptic",
            "color1": {
                "r": 0.1882352977991104,
                "g": 0.21960784494876862,
                "b": 0.06666667759418488,
                "a": 1.0
            },
            "color2": {
                "r": 0.40392157435417178,
                "g": 0.46666666865348818,
                "b": 0.3450980484485626,
                "a": 1.0
            },
            "color3": {
                "r": 0.1882352977991104,
                "g": 0.21960784494876862,
                "b": 0.06666667759418488,
                "a": 1.0
            }
        },
        {
            "category": 7,
            "partName": "Daily 08",
            "partPackage": "Daily",
            "color1": {
                "r": 0.5808823108673096,
                "g": 0.5808823108673096,
                "b": 0.5808823108673096,
                "a": 1.0
            },
            "color2": {
                "r": 0.5808823108673096,
                "g": 0.5808823108673096,
                "b": 0.5808823108673096,
                "a": 1.0
            },
            "color3": {
                "r": 0.5808823108673096,
                "g": 0.5808823108673096,
                "b": 0.5808823108673096,
                "a": 1.0
            }
        },
        {
            "category": 8,
            "partName": "Sci-Fi 17",
            "partPackage": "Sci-Fi",
            "color1": {
                "r": 0.40392157435417178,
                "g": 0.46666666865348818,
                "b": 0.3450980484485626,
                "a": 1.0
            },
            "color2": {
                "r": 0.1882352977991104,
                "g": 0.21960784494876862,
                "b": 0.06666667759418488,
                "a": 1.0
            },
            "color3": {
                "r": 0.1882352977991104,
                "g": 0.21960784494876862,
                "b": 0.06666667759418488,
                "a": 1.0
            }
        },
        {
            "category": 9,
            "partName": "01",
            "partPackage": "Emote",
            "color1": {
                "r": 0.9399999976158142,
                "g": 0.6383347511291504,
                "b": 0.529533326625824,
                "a": 1.0
            },
            "color2": {
                "r": 0.9399999976158142,
                "g": 0.6383347511291504,
                "b": 0.529533326625824,
                "a": 1.0
            },
            "color3": {
                "r": 0.9399999976158142,
                "g": 0.6383347511291504,
                "b": 0.529533326625824,
                "a": 1.0
            }
        },
        {
            "category": 10,
            "partName": "08",
            "partPackage": "Base",
            "color1": {
                "r": 0.5,
                "g": 0.5,
                "b": 0.5,
                "a": 1.0
            },
            "color2": {
                "r": 0.5,
                "g": 0.5,
                "b": 0.5,
                "a": 1.0
            },
            "color3": {
                "r": 0.5,
                "g": 0.5,
                "b": 0.5,
                "a": 1.0
            }
        },
        {
            "category": 11,
            "partName": "Daily 13 Male",
            "partPackage": "Daily",
            "color1": {
                "r": 0.1401139497756958,
                "g": 0.1666666716337204,
                "b": 0.037222228944301608,
                "a": 1.0
            },
            "color2": {
                "r": 0.40392157435417178,
                "g": 0.46666666865348818,
                "b": 0.3450980484485626,
                "a": 1.0
            },
            "color3": {
                "r": 0.1401139497756958,
                "g": 0.1666666716337204,