{
    "dataVersion": 1,
    "bodyType": 0,
    "skinColor": {
        "r": 1.0,
        "g": 0.8494929075241089,
        "b": 0.7941176295280457,
        "a": 1.0
    },
    "tintColor": {
        "r": 1.0,
        "g": 1.0,
        "b": 1.0,
        "a": 1.0
    },
    "slotData": [
        {
            "category": 0,
            "partName": "Sci-Fi 01 Male",
            "partPackage": "Sci-Fi",
            "color1": {
                "r": 1.0,
                "g": 1.0,
                "b": 1.0,
                "a": 1.0
            },
            "color2": {
                "r": 0.1764705777168274,
                "g": 0.375,
                "b": 0.3174949288368225,
                "a": 1.0
            },
            "color3": {
                "r": 0.1568627506494522,
                "g": 0.1568627506494522,
                "b": 0.1568627506494522,
                "a": 1.0
            }
        },
        {
            "category": 1,
            "partName": "Sci-Fi 00",
            "partPackage": "Sci-Fi",
            "color1": {
                "r": 0.1764705777168274,
                "g": 0.375,
                "b": 0.3174949288368225,
                "a": 1.0
            },
            "color2": {
                "r": 0.1568627506494522,
                "g": 0.1568627506494522,
                "b": 0.1568627506494522,
                "a": 1.0
            },
            "color3": {
                "r": 1.0,
                "g": 1.0,
                "b": 1.0,
                "a": 1.0
            }
        },
        {
            "category": 2,
            "partName": "00",
            "partPackage": "Base",
            "color1": {
                "r": 0.5,
                "g": 0.5,
                "b": 0.5,
                "a": 1.0
            },
            "color2": {
                "r": 0.5,
                "g": 0.5,
                "b": 0.5,
                "a": 1.0
            },
            "color3": {
                "r": 0.5,
                "g": 0.5,
                "b": 0.5,
                "a": 1.0
            }
        },
        {
            "category": 3,
            "partName": "10",
            "partPackage": "Base",
            "color1": {
                "r": 0.5,
                "g": 0.5,
                "b": 0.5,
                "a": 1.0
            },
            "color2": {
                "r": 0.5,
                "g": 0.5,
                "b": 0.5,
                "a": 1.0
            },
            "color3": {
                "r": 0.5,
                "g": 0.5,
                "b": 0.5,
                "a": 1.0
            }
        },
        {
            "category": 4,
            "partName": "08",
            "partPackage": "Base",
            "color1": {
                "r": 0.1271626204252243,
                "g": 0.720588207244873,
                "b": 0.5486993789672852,
                "a": 1.0
            },
            "color2": {
                "r": 0.1271626204252243,
                "g": 0.720588207244873,
                "b": 0.5486993789672852,
                "a": 1.0
            },
            "color3": {
                "r": 0.1271626204252243,
                "g": 0.720588207244873,
                "b": 0.5486993789672852,
                "a": 1.0
            }
        },
        {
            "category": 5,
            "partName": "17",
            "partPackage": "Base",
            "color1": {
                "r": 0.5808823108673096,
                "g": 0.5808823108673096,
                "b": 0.5808823108673096,
                "a": 1.0
            },
            "color2": {
                "r": 0.5808823108673096,
                "g": 0.5808823108673096,
                "b": 0.5808823108673096,
                "a": 1.0
            },
            "color3": {
                "r": 0.5808823108673096,
                "g": 0.5808823108673096,
                "b": 0.5808823108673096,
                "a": 1.0
            }
        },
        {
            "category": 6,
            "partName": "",
            "partPackage": "",
            "color1": {
                "r": 0.5,
                "g": 0.5,
                "b": 0.5,
                "a": 1.0
            },
            "color2": {
                "r": 0.5,
                "g": 0.5,
                "b": 0.5,
                "a": 1.0
            },
            "color3": {
                "r": 0.5,
                "g": 0.5,
                "b": 0.5,
                "a": 1.0
            }
        },
        {
            "category": 7,
            "partName": "",
            "partPackage": "",
            "color1": {
                "r": 0.5,
                "g": 0.5,
                "b": 0.5,
                "a": 1.0
            },
            "color2": {
                "r": 0.5,
                "g": 0.5,
                "b": 0.5,
                "a": 1.0
            },
            "color3": {
                "r": 0.5,
                "g": 0.5,
                "b": 0.5,
                "a": 1.0
            }
        },
        {
            "category": 8,
            "partName": "",
            "partPackage": "",
            "color1": {
                "r": 0.5,
                "g": 0.5,
                "b": 0.5,
                "a": 1.0
            },
            "color2": {
                "r": 0.5,
                "g": 0.5,
                "b": 0.5,
                "a": 1.0
            },
            "color3": {
                "r": 0.5,
                "g": 0.5,
                "b": 0.5,
                "a": 1.0
            }
        },
        {
            "category": 9,
            "partName": "08",
            "partPackage": "Base",
            "color1": {
                "r": 1.0,
                "g": 0.7647058963775635,
                "b": 0.6392157077789307,
                "a": 1.0
            },
            "color2": {
                "r": 1.0,
                "g": 0.7647058963775635,
                "b": 0.6392157077789307,
                "a": 1.0
            },
            "color3": {
                "r": 1.0,
                "g": 0.7647058963775635,
                "b": 0.6392157077789307,
                "a": 1.0
            }
        },
        {
            "category": 10,
            "partName": "01",
            "partPackage": "Base",
            "color1": {
                "r": 0.5,
                "g": 0.5,
                "b": 0.5,
                "a": 1.0
            },
            "color2": {
                "r": 0.5,
                "g": 0.5,
                "b": 0.5,
                "a": 1.0
            },
            "color3": {
                "r": 0.5,
                "g": 0.5,
                "b": 0.5,
                "a": 1.0
            }
        },
        {
            "category": 11,
            "partName": "Sci-Fi 01 Male",
            "partPackage": "Sci-Fi",
            "color1": {
                "r": 0.1764705777168274,
                "g": 0.375,
                "b": 0.3174949288368225,
                "a": 1.0
            },
            "color2": {
                "r": 0.1568627506494522,
                "g": 0.1568627506494522,
                "b": 0.1568627506494522,
                "a": 1.0
            },
            "color3": {
                "r": 0.1031619980931282,
                "g": 0.10124444961547852,
                "b": 0.1133333370089531,
                "a": 1.0
            }
        },
        {
            "category": 12,
            "partName": "",
            "partPackage": "",
            "color1": {
                "r": 0.5,
                "g": 0.5,
                "b": 0.5,
                "a": 1.0
            },
            "color2": {
                "r": 0.5,
                "g": 0.5,
                "b": 0.5,
                "a": 1.0
            },
            "color3": {
                "r": 0.5,
                "g": 0.5,
                "b": 0.5,
                "a": 1.0
            }
        },
        {
            "category": 13,
            "partName": "",