{
    "dataVersion": 1,
    "bodyType": 0,
    "skinColor": {
        "r": 1.0,
        "g": 0.7647058963775635,
        "b": 0.6392157077789307,
        "a": 1.0
    },
    "tintColor": {
        "r": 1.0,
        "g": 1.0,
        "b": 1.0,
        "a": 1.0
    },
    "slotData": [
        {
            "category": 0,
            "partName": "PA 04 Male",
            "partPackage": "Post Apocalyptic",
            "color1": {
                "r": 0.1401139497756958,
                "g": 0.1666666716337204,
                "b": 0.037222228944301608,
                "a": 1.0
            },
            "color2": {
                "r": 0.1882352977991104,
                "g": 0.21960784494876862,
                "b": 0.06666667759418488,
                "a": 1.0
            },
            "color3": {
                "r": 0.40392157435417178,
                "g": 0.46666666865348818,
                "b": 0.3450980484485626,
                "a": 1.0
            }
        },
        {
            "category": 1,
            "partName": "Sci-Fi 03",
            "partPackage": "Sci-Fi",
            "color1": {
                "r": 0.1401139497756958,
                "g": 0.1666666716337204,
                "b": 0.037222228944301608,
                "a": 1.0
            },
            "color2": {
                "r": 0.1882352977991104,
                "g": 0.21960784494876862,
                "b": 0.06666667759418488,
                "a": 1.0
            },
            "color3": {
                "r": 0.40392157435417178,
                "g": 0.46666666865348818,
                "b": 0.3450980484485626,
                "a": 1.0
            }
        },
        {
            "category": 2,
            "partName": "00",
            "partPackage": "Base",
            "color1": {
                "r": 0.5,
                "g": 0.5,
                "b": 0.5,
                "a": 1.0
            },
            "color2": {
                "r": 0.5,
                "g": 0.5,
                "b": 0.5,
                "a": 1.0
            },
            "color3": {
                "r": 0.5,
                "g": 0.5,
                "b": 0.5,
                "a": 1.0
            }
        },
        {
            "category": 3,
            "partName": "04",
            "partPackage": "Base",
            "color1": {
                "r": 0.18811550736427308,
                "g": 0.18202297389507295,
                "b": 0.2640949487686157,
                "a": 1.0
            },
            "color2": {
                "r": 0.18811550736427308,
                "g": 0.18202297389507295,
                "b": 0.2640949487686157,
                "a": 1.0
            },
            "color3": {
                "r": 0.18811550736427308,
                "g": 0.18202297389507295,
                "b": 0.2640949487686157,
                "a": 1.0
            }
        },
        {
            "category": 4,
            "partName": "15",
            "partPackage": "Base",
            "color1": {
                "r": 0.25367647409439089,
                "g": 0.5073529481887817,
                "b": 0.25508973002433779,
                "a": 1.0
            },
            "color2": {
                "r": 0.25367647409439089,
                "g": 0.5073529481887817,
                "b": 0.25508973002433779,
                "a": 1.0
            },
            "color3": {
                "r": 0.25367647409439089,
                "g": 0.5073529481887817,
                "b": 0.25508973002433779,
                "a": 1.0
            }
        },
        {
            "category": 5,
            "partName": "13",
            "partPackage": "Base",
            "color1": {
                "r": 0.18811550736427308,
                "g": 0.18202297389507295,
                "b": 0.2640949487686157,
                "a": 1.0
            },
            "color2": {
                "r": 0.18811550736427308,
                "g": 0.18202297389507295,
                "b": 0.2640949487686157,
                "a": 1.0
            },
            "color3": {
                "r": 0.18811550736427308,
                "g": 0.18202297389507295,
                "b": 0.2640949487686157,
                "a": 1.0
            }
        },
        {
            "category": 6,
            "partName": "",
            "partPackage": "",
            "color1": {
                "r": 0.5,
                "g": 0.5,
                "b": 0.5,
                "a": 1.0
            },
            "color2": {
                "r": 0.5,
                "g": 0.5,
                "b": 0.5,
                "a": 1.0
            },
            "color3": {
                "r": 0.5,
                "g": 0.5,
                "b": 0.5,
                "a": 1.0
            }
        },
        {
            "category": 7,
            "partName": "00",
            "partPackage": "Base",
            "color1": {
                "r": 0.18811550736427308,
                "g": 0.18202297389507295,
                "b": 0.2640949487686157,
                "a": 1.0
            },
            "color2": {
                "r": 0.18811550736427308,
                "g": 0.18202297389507295,
                "b": 0.2640949487686157,
                "a": 1.0
            },
            "color3": {
                "r": 0.18811550736427308,
                "g": 0.18202297389507295,
                "b": 0.2640949487686157,
                "a": 1.0
            }
        },
        {
            "category": 8,
            "partName": "Daily 17",
            "partPackage": "Daily",
            "color1": {
                "r": 0.1882352977991104,
                "g": 0.21960784494876862,
                "b": 0.06666667759418488,
                "a": 1.0
            },
            "color2": {
                "r": 0.40392157435417178,
                "g": 0.46666666865348818,
                "b": 0.3450980484485626,
                "a": 1.0
            },
            "color3": {
                "r": 0.1401139497756958,
                "g": 0.1666666716337204,
                "b": 0.037222228944301608,
                "a": 1.0
            }
        },
        {
            "category": 9,
            "partName": "11",
            "partPackage": "Base",
            "color1": {
                "r": 1.0,
                "g": 0.7647058963775635,
                "b": 0.6392157077789307,
                "a": 1.0
            },
            "color2": {
                "r": 1.0,
                "g": 0.7647058963775635,
                "b": 0.6392157077789307,
                "a": 1.0
            },
            "color3": {
                "r": 1.0,
                "g": 0.7647058963775635,
                "b": 0.6392157077789307,
                "a": 1.0
            }
        },
        {
            "category": 10,
            "partName": "10",
            "partPackage": "Base",
            "color1": {
                "r": 0.5,
                "g": 0.5,
                "b": 0.5,
                "a": 1.0
            },
            "color2": {
                "r": 0.5,
                "g": 0.5,
                "b": 0.5,
                "a": 1.0
            },
            "color3": {
                "r": 0.5,
                "g": 0.5,
                "b": 0.5,
                "a": 1.0
            }
        },
        {
            "category": 11,
            "partName": "Sci-Fi Set 02 Male",
            "partPackage": "Sci-Fi",
            "color1": {
                "r": 0.1401139497756958,
                "g": 0.1666666716337204,
                "b": 0.037222228944301608,
                "a": 1.0
            },
            "color2": {
                "r": 0.1882352977991104,
                "g": 0.21960784494876862,
                "b": 0.06666667759418488,
                "a": 1.0
            },
            "color3": {
                "r": 0.40392157435417178,
                "g": 0.46666666865348818,
                "b": 0.3450980484485626,