{
    "dataVersion": 1,
    "bodyType": 1,
    "skinColor": {
        "r": 1.0,
        "g": 0.8217390775680542,
        "b": 0.7266666889190674,
        "a": 1.0
    },
    "tintColor": {
        "r": 1.0,
        "g": 1.0,
        "b": 1.0,
        "a": 1.0
    },
    "slotData": [
        {
            "category": 0,
            "partName": "Daily 17 Female",
            "partPackage": "Daily",
            "color1": {
                "r": 0.1031619980931282,
                "g": 0.10124444961547852,
                "b": 0.1133333370089531,
                "a": 1.0
            },
            "color2": {
                "r": 0.24264705181121827,
                "g": 0.08385595679283142,
                "b": 0.20062710344791413,
                "a": 1.0
            },
            "color3": {
                "r": 0.6397058963775635,
                "g": 0.39511245489120486,
                "b": 0.5136620402336121,
                "a": 1.0
            }
        },
        {
            "category": 1,
            "partName": "Daily 06",
            "partPackage": "Daily",
            "color1": {
                "r": 0.1031619980931282,
                "g": 0.10124444961547852,
                "b": 0.1133333370089531,
                "a": 1.0
            },
            "color2": {
                "r": 0.1031619980931282,
                "g": 0.10124444961547852,
                "b": 0.1133333370089531,
                "a": 1.0
            },
            "color3": {
                "r": 0.24264705181121827,
                "g": 0.08385595679283142,
                "b": 0.20062710344791413,
                "a": 1.0
            }
        },
        {
            "category": 2,
            "partName": "00",
            "partPackage": "Base",
            "color1": {
                "r": 0.5,
                "g": 0.5,
                "b": 0.5,
                "a": 1.0
            },
            "color2": {
                "r": 0.5,
                "g": 0.5,
                "b": 0.5,
                "a": 1.0
            },
            "color3": {
                "r": 0.5,
                "g": 0.5,
                "b": 0.5,
                "a": 1.0
            }
        },
        {
            "category": 3,
            "partName": "01",
            "partPackage": "Base",
            "color1": {
                "r": 0.1031619980931282,
                "g": 0.10124444961547852,
                "b": 0.1133333370089531,
                "a": 1.0
            },
            "color2": {
                "r": 0.1031619980931282,
                "g": 0.10124444961547852,
                "b": 0.1133333370089531,
                "a": 1.0
            },
            "color3": {
                "r": 0.1031619980931282,
                "g": 0.10124444961547852,
                "b": 0.1133333370089531,
                "a": 1.0
            }
        },
        {
            "category": 4,
            "partName": "09",
            "partPackage": "Base",
            "color1": {
                "r": 0.6397058963775635,
                "g": 0.39511245489120486,
                "b": 0.5136620402336121,
                "a": 1.0
            },
            "color2": {
                "r": 0.6397058963775635,
                "g": 0.39511245489120486,
                "b": 0.5136620402336121,
                "a": 1.0
            },
            "color3": {
                "r": 0.6397058963775635,
                "g": 0.39511245489120486,
                "b": 0.5136620402336121,
                "a": 1.0
            }
        },
        {
            "category": 5,
            "partName": "",
            "partPackage": "",
            "color1": {
                "r": 0.3019607961177826,
                "g": 0.1921568661928177,
                "b": 0.1921568661928177,
                "a": 1.0
            },
            "color2": {
                "r": 0.3019607961177826,
                "g": 0.1921568661928177,
                "b": 0.1921568661928177,
                "a": 1.0
            },
            "color3": {
                "r": 0.3019607961177826,
                "g": 0.1921568661928177,
                "b": 0.1921568661928177,
                "a": 1.0
            }
        },
        {
            "category": 6,
            "partName": "",
            "partPackage": "",
            "color1": {
                "r": 0.5,
                "g": 0.5,
                "b": 0.5,
                "a": 1.0
            },
            "color2": {
                "r": 0.5,
                "g": 0.5,
                "b": 0.5,
                "a": 1.0
            },
            "color3": {
                "r": 0.5,
                "g": 0.5,
                "b": 0.5,
                "a": 1.0
            }
        },
        {
            "category": 7,
            "partName": "Oriental 05",
            "partPackage": "Oriental",
            "color1": {
                "r": 0.1031619980931282,
                "g": 0.10124444961547852,
                "b": 0.1133333370089531,
                "a": 1.0
            },
            "color2": {
                "r": 0.1031619980931282,
                "g": 0.10124444961547852,
                "b": 0.1133333370089531,
                "a": 1.0
            },
            "color3": {
                "r": 0.1031619980931282,
                "g": 0.10124444961547852,
                "b": 0.1133333370089531,
                "a": 1.0
            }
        },
        {
            "category": 8,
            "partName": "",
            "partPackage": "",
            "color1": {
                "r": 0.18811550736427308,
                "g": 0.18202297389507295,
                "b": 0.2640949487686157,
                "a": 1.0
            },
            "color2": {
                "r": 0.24264705181121827,
                "g": 0.08385595679283142,
                "b": 0.20062710344791413,
                "a": 1.0
            },
            "color3": {
                "r": 0.8447772264480591,
                "g": 0.9184963703155518,
                "b": 0.9191176295280457,
                "a": 1.0
            }
        },
        {
            "category": 9,
            "partName": "03",
            "partPackage": "Base",
            "color1": {
                "r": 0.49264705181121828,
                "g": 0.24632352590560914,
                "b": 0.36571165919303896,
                "a": 1.0
            },
            "color2": {
                "r": 0.49264705181121828,
                "g": 0.24632352590560914,
                "b": 0.36571165919303896,
                "a": 1.0
            },
            "color3": {
                "r": 0.49264705181121828,
                "g": 0.24632352590560914,
                "b": 0.36571165919303896,
                "a": 1.0
            }
        },
        {
            "category": 10,
            "partName": "09",
            "partPackage": "Base",
            "color1": {
                "r": 0.5,
                "g": 0.5,
                "b": 0.5,
                "a": 1.0
            },
            "color2": {
                "r": 0.5,
                "g": 0.5,
                "b": 0.5,
                "a": 1.0
            },
            "color3": {
                "r": 0.5,
                "g": 0.5,
                "b": 0.5,
                "a": 1.0
            }
        },
        {
            "category": 11,
            "partName": "Base 00 Female",
            "partPackage": "Base",
            "color1": {
                "r": 0.5,
                "g": 0.5,
                "b": 0.5,
                "a": 1.0
            },
            "color2": {
                "r": 0.5,
                "g": 0.5,
                "b": 0.5,
                "a": 1.0
            },
            "color3": {
                "r": 0.5,
                "g": 0.5,
                "b": 0.5,
                "a": 1.0
            }
        },
        {
            "category": 12,
            "partName": "Oriental 01",
            "partPackage": "Oriental",