{
    "dataVersion": 1,
    "bodyType": 1,
    "skinColor": {
        "r": 1.0,
        "g": 0.8494929075241089,
        "b": 0.7941176295280457,
        "a": 1.0
    },
    "tintColor": {
        "r": 1.0,
        "g": 1.0,
        "b": 1.0,
        "a": 1.0
    },
    "slotData": [
        {
            "category": 0,
            "partName": "Sci-Fi 05 Female",
            "partPackage": "Sci-Fi",
            "color1": {
                "r": 0.1568627506494522,
                "g": 0.1568627506494522,
                "b": 0.1568627506494522,
                "a": 1.0
            },
            "color2": {
                "r": 0.47199392318725588,
                "g": 0.7112191915512085,
                "b": 0.7132352590560913,
                "a": 1.0
            },
            "color3": {
                "r": 0.1568627506494522,
                "g": 0.1568627506494522,
                "b": 0.1568627506494522,
                "a": 1.0
            }
        },
        {
            "category": 1,
            "partName": "Sci-Fi 05",
            "partPackage": "Sci-Fi",
            "color1": {
                "r": 0.0941176488995552,
                "g": 0.0941176488995552,
                "b": 0.0941176488995552,
                "a": 1.0
            },
            "color2": {
                "r": 0.25367647409439089,
                "g": 0.4979414641857147,
                "b": 0.5,
                "a": 1.0
            },
            "color3": {
                "r": 0.07674641907215119,
                "g": 0.07674641907215119,
                "b": 0.07674641907215119,
                "a": 1.0
            }
        },
        {
            "category": 2,
            "partName": "00",
            "partPackage": "Base",
            "color1": {
                "r": 0.2528139054775238,
                "g": 0.24994593858718873,
                "b": 0.5073529481887817,
                "a": 1.0
            },
            "color2": {
                "r": 0.5,
                "g": 0.5,
                "b": 0.5,
                "a": 1.0
            },
            "color3": {
                "r": 0.5,
                "g": 0.5,
                "b": 0.5,
                "a": 1.0
            }
        },
        {
            "category": 3,
            "partName": "00",
            "partPackage": "Base",
            "color1": {
                "r": 0.44117647409439089,
                "g": 0.23087939620018006,
                "b": 0.11678201705217362,
                "a": 1.0
            },
            "color2": {
                "r": 0.44117647409439089,
                "g": 0.23087939620018006,
                "b": 0.11678201705217362,
                "a": 1.0
            },
            "color3": {
                "r": 0.44117647409439089,
                "g": 0.23087939620018006,
                "b": 0.11678201705217362,
                "a": 1.0
            }
        },
        {
            "category": 4,
            "partName": "01",
            "partPackage": "Base",
            "color1": {
                "r": 0.39323633909225466,
                "g": 0.390625,
                "b": 0.625,
                "a": 1.0
            },
            "color2": {
                "r": 0.39323633909225466,
                "g": 0.390625,
                "b": 0.625,
                "a": 1.0
            },
            "color3": {
                "r": 0.39323633909225466,
                "g": 0.390625,
                "b": 0.625,
                "a": 1.0
            }
        },
        {
            "category": 5,
            "partName": "",
            "partPackage": "",
            "color1": {
                "r": 0.3019607961177826,
                "g": 0.1921568661928177,
                "b": 0.1921568661928177,
                "a": 1.0
            },
            "color2": {
                "r": 0.3019607961177826,
                "g": 0.1921568661928177,
                "b": 0.1921568661928177,
                "a": 1.0
            },
            "color3": {
                "r": 0.3019607961177826,
                "g": 0.1921568661928177,
                "b": 0.1921568661928177,
                "a": 1.0
            }
        },
        {
            "category": 6,
            "partName": "",
            "partPackage": "",
            "color1": {
                "r": 0.5,
                "g": 0.5,
                "b": 0.5,
                "a": 1.0
            },
            "color2": {
                "r": 0.5,
                "g": 0.5,
                "b": 0.5,
                "a": 1.0
            },
            "color3": {
                "r": 0.5,
                "g": 0.5,
                "b": 0.5,
                "a": 1.0
            }
        },
        {
            "category": 7,
            "partName": "Sci-Fi 21",
            "partPackage": "Sci-Fi",
            "color1": {
                "r": 0.44117647409439089,
                "g": 0.23087939620018006,
                "b": 0.11678201705217362,
                "a": 1.0
            },
            "color2": {
                "r": 0.44117647409439089,
                "g": 0.23087939620018006,
                "b": 0.11678201705217362,
                "a": 1.0
            },
            "color3": {
                "r": 0.44117647409439089,
                "g": 0.23087939620018006,
                "b": 0.11678201705217362,
                "a": 1.0
            }
        },
        {
            "category": 8,
            "partName": "",
            "partPackage": "",
            "color1": {
                "r": 0.5,
                "g": 0.5,
                "b": 0.5,
                "a": 1.0
            },
            "color2": {
                "r": 0.5,
                "g": 0.5,
                "b": 0.5,
                "a": 1.0
            },
            "color3": {
                "r": 0.5,
                "g": 0.5,
                "b": 0.5,
                "a": 1.0
            }
        },
        {
            "category": 9,
            "partName": "04",
            "partPackage": "Base",
            "color1": {
                "r": 0.47199392318725588,
                "g": 0.7112191915512085,
                "b": 0.7132352590560913,
                "a": 1.0
            },
            "color2": {
                "r": 0.47199392318725588,
                "g": 0.7112191915512085,
                "b": 0.7132352590560913,
                "a": 1.0
            },
            "color3": {
                "r": 0.47199392318725588,
                "g": 0.7112191915512085,
                "b": 0.7132352590560913,
                "a": 1.0
            }
        },
        {
            "category": 10,
            "partName": "06",
            "partPackage": "Base",
            "color1": {
                "r": 0.5,
                "g": 0.5,
                "b": 0.5,
                "a": 1.0
            },
            "color2": {
                "r": 0.5,
                "g": 0.5,
                "b": 0.5,
                "a": 1.0
            },
            "color3": {
                "r": 0.5,
                "g": 0.5,
                "b": 0.5,
                "a": 1.0
            }
        },
        {
            "category": 11,
            "partName": "Fantasy 11 Female",
            "partPackage": "Fantasy",
            "color1": {
                "r": 0.1568627506494522,
                "g": 0.1568627506494522,
                "b": 0.1568627506494522,
                "a": 1.0
            },
            "color2": {
                "r": 0.07058823853731156,
                "g": 0.07058823853731156,
                "b": 0.07058823853731156,
                "a": 1.0
            },
            "color3": {
                "r": 0.2492971569299698,
                "g": 0.38853248953819277,
                "b": 0.3897058963775635,
                "a": 1.0
            }
        },
        {
            "category": 12,
            "partName": "",
            "partPackage": "",
            "color1": {
                "r": 0.5,