{
    "dataVersion": 1,
    "bodyType": 0,
    "skinColor": {
        "r": 1.0,
        "g": 0.7664300203323364,
        "b": 0.6397058963775635,
        "a": 1.0
    },
    "tintColor": {
        "r": 1.0,
        "g": 1.0,
        "b": 1.0,
        "a": 1.0
    },
    "slotData": [
        {
            "category": 0,
            "partName": "Sci-Fi Set 05 Male",
            "partPackage": "Sci-Fi",
            "color1": {
                "r": 1.0,
                "g": 1.0,
                "b": 1.0,
                "a": 1.0
            },
            "color2": {
                "r": 0.1568627506494522,
                "g": 0.1568627506494522,
                "b": 0.1568627506494522,
                "a": 1.0
            },
            "color3": {
                "r": 0.1271626204252243,
                "g": 0.720588207244873,
                "b": 0.5486993789672852,
                "a": 1.0
            }
        },
        {
            "category": 1,
            "partName": "Sci-Fi Set 05",
            "partPackage": "Sci-Fi",
            "color1": {
                "r": 1.0,
                "g": 1.0,
                "b": 1.0,
                "a": 1.0
            },
            "color2": {
                "r": 0.1568627506494522,
                "g": 0.1568627506494522,
                "b": 0.1568627506494522,
                "a": 1.0
            },
            "color3": {
                "r": 0.1271626204252243,
                "g": 0.720588207244873,
                "b": 0.5486993789672852,
                "a": 1.0
            }
        },
        {
            "category": 2,
            "partName": "00",
            "partPackage": "Base",
            "color1": {
                "r": 0.5,
                "g": 0.5,
                "b": 0.5,
                "a": 1.0
            },
            "color2": {
                "r": 0.5,
                "g": 0.5,
                "b": 0.5,
                "a": 1.0
            },
            "color3": {
                "r": 0.5,
                "g": 0.5,
                "b": 0.5,
                "a": 1.0
            }
        },
        {
            "category": 3,
            "partName": "13",
            "partPackage": "Base",
            "color1": {
                "r": 0.15333333611488343,
                "g": 0.15333333611488343,
                "b": 0.15333333611488343,
                "a": 1.0
            },
            "color2": {
                "r": 0.15333333611488343,
                "g": 0.15333333611488343,
                "b": 0.15333333611488343,
                "a": 1.0
            },
            "color3": {
                "r": 0.15333333611488343,
                "g": 0.15333333611488343,
                "b": 0.15333333611488343,
                "a": 1.0
            }
        },
        {
            "category": 4,
            "partName": "09",
            "partPackage": "Base",
            "color1": {
                "r": 0.41911762952804568,
                "g": 0.41911762952804568,
                "b": 0.41911762952804568,
                "a": 1.0
            },
            "color2": {
                "r": 0.41911762952804568,
                "g": 0.41911762952804568,
                "b": 0.41911762952804568,
                "a": 1.0
            },
            "color3": {
                "r": 0.41911762952804568,
                "g": 0.41911762952804568,
                "b": 0.41911762952804568,
                "a": 1.0
            }
        },
        {
            "category": 5,
            "partName": "",
            "partPackage": "",
            "color1": {
                "r": 0.3019607961177826,
                "g": 0.1921568661928177,
                "b": 0.1921568661928177,
                "a": 1.0
            },
            "color2": {
                "r": 0.3019607961177826,
                "g": 0.1921568661928177,
                "b": 0.1921568661928177,
                "a": 1.0
            },
            "color3": {
                "r": 0.3019607961177826,
                "g": 0.1921568661928177,
                "b": 0.1921568661928177,
                "a": 1.0
            }
        },
        {
            "category": 6,
            "partName": "Sci-Fi Set 05",
            "partPackage": "Sci-Fi",
            "color1": {
                "r": 1.0,
                "g": 1.0,
                "b": 1.0,
                "a": 1.0
            },
            "color2": {
                "r": 0.1568627506494522,
                "g": 0.1568627506494522,
                "b": 0.1568627506494522,
                "a": 1.0
            },
            "color3": {
                "r": 0.1271626204252243,
                "g": 0.720588207244873,
                "b": 0.5486993789672852,
                "a": 1.0
            }
        },
        {
            "category": 7,
            "partName": "",
            "partPackage": "",
            "color1": {
                "r": 0.3019607961177826,
                "g": 0.1921568661928177,
                "b": 0.1921568661928177,
                "a": 1.0
            },
            "color2": {
                "r": 0.3019607961177826,
                "g": 0.1921568661928177,
                "b": 0.1921568661928177,
                "a": 1.0
            },
            "color3": {
                "r": 0.3019607961177826,
                "g": 0.1921568661928177,
                "b": 0.1921568661928177,
                "a": 1.0
            }
        },
        {
            "category": 8,
            "partName": "Sci-Fi 11",
            "partPackage": "Sci-Fi",
            "color1": {
                "r": 1.0,
                "g": 1.0,
                "b": 1.0,
                "a": 1.0
            },
            "color2": {
                "r": 0.1568627506494522,
                "g": 0.1568627506494522,
                "b": 0.1568627506494522,
                "a": 1.0
            },
            "color3": {
                "r": 0.1271626204252243,
                "g": 0.720588207244873,
                "b": 0.5486993789672852,
                "a": 1.0
            }
        },
        {
            "category": 9,
            "partName": "11",
            "partPackage": "Base",
            "color1": {
                "r": 1.0,
                "g": 0.7647058963775635,
                "b": 0.6392157077789307,
                "a": 1.0
            },
            "color2": {
                "r": 1.0,
                "g": 0.7647058963775635,
                "b": 0.6392157077789307,
                "a": 1.0
            },
            "color3": {
                "r": 1.0,
                "g": 0.7647058963775635,
                "b": 0.6392157077789307,
                "a": 1.0
            }
        },
        {
            "category": 10,
            "partName": "08",
            "partPackage": "Base",
            "color1": {
                "r": 0.5,
                "g": 0.5,
                "b": 0.5,
                "a": 1.0
            },
            "color2": {
                "r": 0.5,
                "g": 0.5,
                "b": 0.5,
                "a": 1.0
            },
            "color3": {
                "r": 0.5,
                "g": 0.5,
                "b": 0.5,
                "a": 1.0
            }
        },
        {
            "category": 11,
            "partName": "Sci-Fi Set 05 Male",
            "partPackage": "Sci-Fi",
            "color1": {
                "r": 1.0,
                "g": 1.0,
                "b": 1.0,
                "a": 1.0
            },
            "color2": {
                "r": 0.1568627506494522,
                "g": 0.1568627506494522,
                "b": 0.1568627506494522,
                "a": 1.0
            },
            "color3": {
                "r": 0.1271626204252243,
                "g": 0.720588207244873,
                "b": 0.5486993789672852,
                "a": 1.0
            }
        },
        {
            "category": 12,
            "partName": "Tattoo 01",