{
    "dataVersion": 1,
    "bodyType": 0,
    "skinColor": {
        "r": 1.0,
        "g": 0.7664300203323364,
        "b": 0.6397058963775635,
        "a": 1.0
    },
    "tintColor": {
        "r": 1.0,
        "g": 1.0,
        "b": 1.0,
        "a": 1.0
    },
    "slotData": [
        {
            "category": 0,
            "partName": "Oriental 01 Male",
            "partPackage": "Oriental",
            "color1": {
                "r": 0.1031619980931282,
                "g": 0.10124444961547852,
                "b": 0.1133333370089531,
                "a": 1.0
            },
            "color2": {
                "r": 0.1568627506494522,
                "g": 0.1568627506494522,
                "b": 0.1568627506494522,
                "a": 1.0
            },
            "color3": {
                "r": 0.25367647409439089,
                "g": 0.4979414641857147,
                "b": 0.5,
                "a": 1.0
            }
        },
        {
            "category": 1,
            "partName": "Oriental 00",
            "partPackage": "Oriental",
            "color1": {
                "r": 0.1031619980931282,
                "g": 0.10124444961547852,
                "b": 0.1133333370089531,
                "a": 1.0
            },
            "color2": {
                "r": 0.25367647409439089,
                "g": 0.4979414641857147,
                "b": 0.5,
                "a": 1.0
            },
            "color3": {
                "r": 0.8447772264480591,
                "g": 0.9184963703155518,
                "b": 0.9191176295280457,
                "a": 1.0
            }
        },
        {
            "category": 2,
            "partName": "00",
            "partPackage": "Base",
            "color1": {
                "r": 0.5,
                "g": 0.5,
                "b": 0.5,
                "a": 1.0
            },
            "color2": {
                "r": 0.5,
                "g": 0.5,
                "b": 0.5,
                "a": 1.0
            },
            "color3": {
                "r": 0.5,
                "g": 0.5,
                "b": 0.5,
                "a": 1.0
            }
        },
        {
            "category": 3,
            "partName": "03",
            "partPackage": "Base",
            "color1": {
                "r": 0.44117647409439089,
                "g": 0.23087939620018006,
                "b": 0.11678201705217362,
                "a": 1.0
            },
            "color2": {
                "r": 0.44117647409439089,
                "g": 0.23087939620018006,
                "b": 0.11678201705217362,
                "a": 1.0
            },
            "color3": {
                "r": 0.44117647409439089,
                "g": 0.23087939620018006,
                "b": 0.11678201705217362,
                "a": 1.0
            }
        },
        {
            "category": 4,
            "partName": "08",
            "partPackage": "Base",
            "color1": {
                "r": 0.22058820724487306,
                "g": 0.15855057537555695,
                "b": 0.12489185482263565,
                "a": 1.0
            },
            "color2": {
                "r": 0.22058820724487306,
                "g": 0.15855057537555695,
                "b": 0.12489185482263565,
                "a": 1.0
            },
            "color3": {
                "r": 0.22058820724487306,
                "g": 0.15855057537555695,
                "b": 0.12489185482263565,
                "a": 1.0
            }
        },
        {
            "category": 5,
            "partName": "",
            "partPackage": "",
            "color1": {
                "r": 0.3019607961177826,
                "g": 0.1921568661928177,
                "b": 0.1921568661928177,
                "a": 1.0
            },
            "color2": {
                "r": 0.3019607961177826,
                "g": 0.1921568661928177,
                "b": 0.1921568661928177,
                "a": 1.0
            },
            "color3": {
                "r": 0.3019607961177826,
                "g": 0.1921568661928177,
                "b": 0.1921568661928177,
                "a": 1.0
            }
        },
        {
            "category": 6,
            "partName": "",
            "partPackage": "",
            "color1": {
                "r": 0.5,
                "g": 0.5,
                "b": 0.5,
                "a": 1.0
            },
            "color2": {
                "r": 0.5,
                "g": 0.5,
                "b": 0.5,
                "a": 1.0
            },
            "color3": {
                "r": 0.5,
                "g": 0.5,
                "b": 0.5,
                "a": 1.0
            }
        },
        {
            "category": 7,
            "partName": "06",
            "partPackage": "Base",
            "color1": {
                "r": 0.44117647409439089,
                "g": 0.23087939620018006,
                "b": 0.11678201705217362,
                "a": 1.0
            },
            "color2": {
                "r": 0.44117647409439089,
                "g": 0.23087939620018006,
                "b": 0.11678201705217362,
                "a": 1.0
            },
            "color3": {
                "r": 0.44117647409439089,
                "g": 0.23087939620018006,
                "b": 0.11678201705217362,
                "a": 1.0
            }
        },
        {
            "category": 8,
            "partName": "",
            "partPackage": "",
            "color1": {
                "r": 0.5,
                "g": 0.5,
                "b": 0.5,
                "a": 1.0
            },
            "color2": {
                "r": 0.5,
                "g": 0.5,
                "b": 0.5,
                "a": 1.0
            },
            "color3": {
                "r": 0.5,
                "g": 0.5,
                "b": 0.5,
                "a": 1.0
            }
        },
        {
            "category": 9,
            "partName": "12",
            "partPackage": "Base",
            "color1": {
                "r": 1.0,
                "g": 0.7664300203323364,
                "b": 0.6397058963775635,
                "a": 1.0
            },
            "color2": {
                "r": 1.0,
                "g": 0.7664300203323364,
                "b": 0.6397058963775635,
                "a": 1.0
            },
            "color3": {
                "r": 1.0,
                "g": 0.7664300203323364,
                "b": 0.6397058963775635,
                "a": 1.0
            }
        },
        {
            "category": 10,
            "partName": "03",
            "partPackage": "Base",
            "color1": {
                "r": 0.5,
                "g": 0.5,
                "b": 0.5,
                "a": 1.0
            },
            "color2": {
                "r": 0.5,
                "g": 0.5,
                "b": 0.5,
                "a": 1.0
            },
            "color3": {
                "r": 0.5,
                "g": 0.5,
                "b": 0.5,
                "a": 1.0
            }
        },
        {
            "category": 11,
            "partName": "Oriental Set 01 Male",
            "partPackage": "Oriental",
            "color1": {
                "r": 0.1031619980931282,
                "g": 0.10124444961547852,
                "b": 0.1133333370089531,
                "a": 1.0
            },
            "color2": {
                "r": 0.25367647409439089,
                "g": 0.4979414641857147,
                "b": 0.5,
                "a": 1.0
            },
            "color3": {
                "r": 0.1568627506494522,
                "g": 0.1568627506494522,
                "b": 0.1568627506494522,
                "a": 1.0
            }
        },
        {
            "category": 12,
            "partName": "Dirt 01",
            "partPackage": "Base",
            "color1": {
                "r": 0.18811550736427308,