{
    "dataVersion": 1,
    "bodyType": 1,
    "skinColor": {
        "r": 1.0,
        "g": 0.7664300203323364,
        "b": 0.6397058963775635,
        "a": 1.0
    },
    "tintColor": {
        "r": 1.0,
        "g": 1.0,
        "b": 1.0,
        "a": 1.0
    },
    "slotData": [
        {
            "category": 0,
            "partName": "Fantasy 04 Female",
            "partPackage": "Fantasy",
            "color1": {
                "r": 1.0,
                "g": 1.0,
                "b": 1.0,
                "a": 1.0
            },
            "color2": {
                "r": 1.0,
                "g": 1.0,
                "b": 1.0,
                "a": 1.0
            },
            "color3": {
                "r": 0.4533333480358124,
                "g": 0.3699554204940796,
                "b": 0.06799998879432678,
                "a": 1.0
            }
        },
        {
            "category": 1,
            "partName": "Sci-Fi Set 05",
            "partPackage": "Sci-Fi",
            "color1": {
                "r": 1.0,
                "g": 1.0,
                "b": 1.0,
                "a": 1.0
            },
            "color2": {
                "r": 0.6466666460037231,
                "g": 0.5156036615371704,
                "b": 0.0409555546939373,
                "a": 1.0
            },
            "color3": {
                "r": 1.0,
                "g": 1.0,
                "b": 1.0,
                "a": 1.0
            }
        },
        {
            "category": 2,
            "partName": "00",
            "partPackage": "Base",
            "color1": {
                "r": 1.0,
                "g": 0.8199999928474426,
                "b": 0.8199999928474426,
                "a": 1.0
            },
            "color2": {
                "r": 1.0,
                "g": 0.8566666841506958,
                "b": 0.8566666841506958,
                "a": 1.0
            },
            "color3": {
                "r": 1.0,
                "g": 0.5633333325386047,
                "b": 0.5633333325386047,
                "a": 1.0
            }
        },
        {
            "category": 3,
            "partName": "01",
            "partPackage": "Base",
            "color1": {
                "r": 0.6200000047683716,
                "g": 0.382304847240448,
                "b": 0.3038000166416168,
                "a": 1.0
            },
            "color2": {
                "r": 0.6200000047683716,
                "g": 0.382304847240448,
                "b": 0.3038000166416168,
                "a": 1.0
            },
            "color3": {
                "r": 0.6200000047683716,
                "g": 0.382304847240448,
                "b": 0.3038000166416168,
                "a": 1.0
            }
        },
        {
            "category": 4,
            "partName": "00",
            "partPackage": "Base",
            "color1": {
                "r": 0.3814338147640228,
                "g": 0.6083815097808838,
                "b": 0.6102941036224365,
                "a": 1.0
            },
            "color2": {
                "r": 0.3814338147640228,
                "g": 0.6083815097808838,
                "b": 0.6102941036224365,
                "a": 1.0
            },
            "color3": {
                "r": 0.3814338147640228,
                "g": 0.6083815097808838,
                "b": 0.6102941036224365,
                "a": 1.0
            }
        },
        {
            "category": 5,
            "partName": "",
            "partPackage": "",
            "color1": {
                "r": 0.3019607961177826,
                "g": 0.1921568661928177,
                "b": 0.1921568661928177,
                "a": 1.0
            },
            "color2": {
                "r": 0.3019607961177826,
                "g": 0.1921568661928177,
                "b": 0.1921568661928177,
                "a": 1.0
            },
            "color3": {
                "r": 0.3019607961177826,
                "g": 0.1921568661928177,
                "b": 0.1921568661928177,
                "a": 1.0
            }
        },
        {
            "category": 6,
            "partName": "Sci-Fi Set 05",
            "partPackage": "Sci-Fi",
            "color1": {
                "r": 1.0,
                "g": 1.0,
                "b": 1.0,
                "a": 1.0
            },
            "color2": {
                "r": 1.0,
                "g": 1.0,
                "b": 1.0,
                "a": 1.0
            },
            "color3": {
                "r": 1.0,
                "g": 1.0,
                "b": 1.0,
                "a": 1.0
            }
        },
        {
            "category": 7,
            "partName": "Sci-Fi 19",
            "partPackage": "Sci-Fi",
            "color1": {
                "r": 1.0,
                "g": 1.0,
                "b": 1.0,
                "a": 1.0
            },
            "color2": {
                "r": 1.0,
                "g": 1.0,
                "b": 1.0,
                "a": 1.0
            },
            "color3": {
                "r": 1.0,
                "g": 1.0,
                "b": 1.0,
                "a": 1.0
            }
        },
        {
            "category": 8,
            "partName": "",
            "partPackage": "",
            "color1": {
                "r": 0.5,
                "g": 0.5,
                "b": 0.5,
                "a": 1.0
            },
            "color2": {
                "r": 0.5,
                "g": 0.5,
                "b": 0.5,
                "a": 1.0
            },
            "color3": {
                "r": 0.5,
                "g": 0.5,
                "b": 0.5,
                "a": 1.0
            }
        },
        {
            "category": 9,
            "partName": "04",
            "partPackage": "Base",
            "color1": {
                "r": 0.8933333158493042,
                "g": 0.2977777421474457,
                "b": 0.3840304911136627,
                "a": 1.0
            },
            "color2": {
                "r": 0.8933333158493042,
                "g": 0.2977777421474457,
                "b": 0.3840304911136627,
                "a": 1.0
            },
            "color3": {
                "r": 0.8933333158493042,
                "g": 0.2977777421474457,
                "b": 0.3840304911136627,
                "a": 1.0
            }
        },
        {
            "category": 10,
            "partName": "01",
            "partPackage": "Base",
            "color1": {
                "r": 0.5,
                "g": 0.5,
                "b": 0.5,
                "a": 1.0
            },
            "color2": {
                "r": 0.5,
                "g": 0.5,
                "b": 0.5,
                "a": 1.0
            },
            "color3": {
                "r": 0.5,
                "g": 0.5,
                "b": 0.5,
                "a": 1.0
            }
        },
        {
            "category": 11,
            "partName": "Sci-Fi 00 Female",
            "partPackage": "Sci-Fi",
            "color1": {
                "r": 1.0,
                "g": 1.0,
                "b": 1.0,
                "a": 1.0
            },
            "color2": {
                "r": 1.0,
                "g": 1.0,
                "b": 1.0,
                "a": 1.0
            },
            "color3": {
                "r": 0.6466666460037231,
                "g": 0.5156036615371704,
                "b": 0.0409555546939373,
                "a": 1.0
            }
        },
        {
            "category": 12,
            "partName": "Makeup 02",
            "partPackage": "Daily",
            "color1": {
                "r": 0.6691176891326904,
                "g": 0.36482515931129458,
                "b": 0.2951989769935608,
                "a": 1.0
            },
            "color2": {
                "r": 0.5,
                "g": 0.5,
                "b": 0.5,