{
    "dataVersion": 1,
    "bodyType": 1,
    "skinColor": {
        "r": 0.6691176891326904,
        "g": 0.36482515931129458,
        "b": 0.2951989769935608,
        "a": 1.0
    },
    "tintColor": {
        "r": 1.0,
        "g": 1.0,
        "b": 1.0,
        "a": 1.0
    },
    "slotData": [
        {
            "category": 0,
            "partName": "PA 07 Female",
            "partPackage": "Post Apocalyptic",
            "color1": {
                "r": 0.6793319582939148,
                "g": 0.30500978231430056,
                "b": 0.6983165740966797,
                "a": 1.0
            },
            "color2": {
                "r": 0.7254902124404907,
                "g": 0.7254902124404907,
                "b": 0.7254902124404907,
                "a": 1.0
            },
            "color3": {
                "r": 0.498039186000824,
                "g": 0.9958053231239319,
                "b": 1.0,
                "a": 1.0
            }
        },
        {
            "category": 1,
            "partName": "PA 01",
            "partPackage": "Post Apocalyptic",
            "color1": {
                "r": 0.6793319582939148,
                "g": 0.30500978231430056,
                "b": 0.6983165740966797,
                "a": 1.0
            },
            "color2": {
                "r": 0.7254902124404907,
                "g": 0.7254902124404907,
                "b": 0.7254902124404907,
                "a": 1.0
            },
            "color3": {
                "r": 0.498039186000824,
                "g": 0.9958053231239319,
                "b": 1.0,
                "a": 1.0
            }
        },
        {
            "category": 2,
            "partName": "00",
            "partPackage": "Base",
            "color1": {
                "r": 0.5,
                "g": 0.5,
                "b": 0.5,
                "a": 1.0
            },
            "color2": {
                "r": 0.5,
                "g": 0.5,
                "b": 0.5,
                "a": 1.0
            },
            "color3": {
                "r": 0.5,
                "g": 0.5,
                "b": 0.5,
                "a": 1.0
            }
        },
        {
            "category": 3,
            "partName": "09",
            "partPackage": "Base",
            "color1": {
                "r": 0.9264705777168274,
                "g": 0.3269895911216736,
                "b": 0.5874533653259277,
                "a": 1.0
            },
            "color2": {
                "r": 0.9264705777168274,
                "g": 0.3269895911216736,
                "b": 0.5874533653259277,
                "a": 1.0
            },
            "color3": {
                "r": 0.9264705777168274,
                "g": 0.3269895911216736,
                "b": 0.5874533653259277,
                "a": 1.0
            }
        },
        {
            "category": 4,
            "partName": "08",
            "partPackage": "Base",
            "color1": {
                "r": 0.19615842401981355,
                "g": 0.47714295983314516,
                "b": 0.652874767780304,
                "a": 1.0
            },
            "color2": {
                "r": 0.19615842401981355,
                "g": 0.47714295983314516,
                "b": 0.652874767780304,
                "a": 1.0
            },
            "color3": {
                "r": 0.19615842401981355,
                "g": 0.47714295983314516,
                "b": 0.652874767780304,
                "a": 1.0
            }
        },
        {
            "category": 5,
            "partName": "",
            "partPackage": "",
            "color1": {
                "r": 0.3019607961177826,
                "g": 0.1921568661928177,
                "b": 0.1921568661928177,
                "a": 1.0
            },
            "color2": {
                "r": 0.3019607961177826,
                "g": 0.1921568661928177,
                "b": 0.1921568661928177,
                "a": 1.0
            },
            "color3": {
                "r": 0.3019607961177826,
                "g": 0.1921568661928177,
                "b": 0.1921568661928177,
                "a": 1.0
            }
        },
        {
            "category": 6,
            "partName": "",
            "partPackage": "",
            "color1": {
                "r": 0.5,
                "g": 0.5,
                "b": 0.5,
                "a": 1.0
            },
            "color2": {
                "r": 0.5,
                "g": 0.5,
                "b": 0.5,
                "a": 1.0
            },
            "color3": {
                "r": 0.5,
                "g": 0.5,
                "b": 0.5,
                "a": 1.0
            }
        },
        {
            "category": 7,
            "partName": "Sci-Fi 13",
            "partPackage": "Sci-Fi",
            "color1": {
                "r": 0.9264705777168274,
                "g": 0.3269895911216736,
                "b": 0.5874533653259277,
                "a": 1.0
            },
            "color2": {
                "r": 0.9264705777168274,
                "g": 0.3269895911216736,
                "b": 0.5874533653259277,
                "a": 1.0
            },
            "color3": {
                "r": 0.9264705777168274,
                "g": 0.3269895911216736,
                "b": 0.5874533653259277,
                "a": 1.0
            }
        },
        {
            "category": 8,
            "partName": "PA 04",
            "partPackage": "Post Apocalyptic",
            "color1": {
                "r": 0.6793319582939148,
                "g": 0.30500978231430056,
                "b": 0.6983165740966797,
                "a": 1.0
            },
            "color2": {
                "r": 0.7254902124404907,
                "g": 0.7254902124404907,
                "b": 0.7254902124404907,
                "a": 1.0
            },
            "color3": {
                "r": 0.498039186000824,
                "g": 0.9958053231239319,
                "b": 1.0,
                "a": 1.0
            }
        },
        {
            "category": 9,
            "partName": "00",
            "partPackage": "Custom",
            "color1": {
                "r": 0.9264705777168274,
                "g": 0.3269895911216736,
                "b": 0.5874533653259277,
                "a": 1.0
            },
            "color2": {
                "r": 0.9264705777168274,
                "g": 0.3269895911216736,
                "b": 0.5874533653259277,
                "a": 1.0
            },
            "color3": {
                "r": 0.9264705777168274,
                "g": 0.3269895911216736,
                "b": 0.5874533653259277,
                "a": 1.0
            }
        },
        {
            "category": 10,
            "partName": "00",
            "partPackage": "Base",
            "color1": {
                "r": 0.5,
                "g": 0.5,
                "b": 0.5,
                "a": 1.0
            },
            "color2": {
                "r": 0.5,
                "g": 0.5,
                "b": 0.5,
                "a": 1.0
            },
            "color3": {
                "r": 0.5,
                "g": 0.5,
                "b": 0.5,
                "a": 1.0
            }
        },
        {
            "category": 11,
            "partName": "PA 07 Female",
            "partPackage": "Post Apocalyptic",
            "color1": {
                "r": 0.6793319582939148,
                "g": 0.30500978231430056,
                "b": 0.6983165740966797,
                "a": 1.0
            },
            "color2": {
                "r": 0.7254902124404907,
                "g": 0.7254902124404907,
                "b": 0.7254902124404907,
                "a": 1.0
            },
            "color3": {
                "r": 0.498039186000824,
                "g": 0.9958053231239319,
                "b": 1.0,