{
    "dataVersion": 1,
    "bodyType": 0,
    "skinColor": {
        "r": 0.1568627506494522,
        "g": 0.1568627506494522,
        "b": 0.1568627506494522,
        "a": 1.0
    },
    "tintColor": {
        "r": 1.0,
        "g": 1.0,
        "b": 1.0,
        "a": 1.0
    },
    "slotData": [
        {
            "category": 0,
            "partName": "Cyborg 04 Male",
            "partPackage": "Cyborg",
            "color1": {
                "r": 0.1568627506494522,
                "g": 0.1568627506494522,
                "b": 0.1568627506494522,
                "a": 1.0
            },
            "color2": {
                "r": 0.1031619980931282,
                "g": 0.10124444961547852,
                "b": 0.1133333370089531,
                "a": 1.0
            },
            "color3": {
                "r": 1.0,
                "g": 0.21568626165390016,
                "b": 0.21568626165390016,
                "a": 1.0
            }
        },
        {
            "category": 1,
            "partName": "Cyborg 01",
            "partPackage": "Cyborg",
            "color1": {
                "r": 0.1568627506494522,
                "g": 0.1568627506494522,
                "b": 0.1568627506494522,
                "a": 1.0
            },
            "color2": {
                "r": 0.1031619980931282,
                "g": 0.10124444961547852,
                "b": 0.1133333370089531,
                "a": 1.0
            },
            "color3": {
                "r": 1.0,
                "g": 0.21568626165390016,
                "b": 0.21568626165390016,
                "a": 1.0
            }
        },
        {
            "category": 2,
            "partName": "Cyborg 00",
            "partPackage": "Cyborg",
            "color1": {
                "r": 1.0,
                "g": 0.21568626165390016,
                "b": 0.21568626165390016,
                "a": 1.0
            },
            "color2": {
                "r": 1.0,
                "g": 0.21568626165390016,
                "b": 0.21568626165390016,
                "a": 1.0
            },
            "color3": {
                "r": 1.0,
                "g": 0.21568626165390016,
                "b": 0.21568626165390016,
                "a": 1.0
            }
        },
        {
            "category": 3,
            "partName": "00",
            "partPackage": "Base",
            "color1": {
                "r": 0.3019607961177826,
                "g": 0.1921568661928177,
                "b": 0.1921568661928177,
                "a": 1.0
            },
            "color2": {
                "r": 0.3019607961177826,
                "g": 0.1921568661928177,
                "b": 0.1921568661928177,
                "a": 1.0
            },
            "color3": {
                "r": 0.3019607961177826,
                "g": 0.1921568661928177,
                "b": 0.1921568661928177,
                "a": 1.0
            }
        },
        {
            "category": 4,
            "partName": "Cyborg 01",
            "partPackage": "Cyborg",
            "color1": {
                "r": 1.0,
                "g": 0.21568626165390016,
                "b": 0.21568626165390016,
                "a": 1.0
            },
            "color2": {
                "r": 1.0,
                "g": 0.21568626165390016,
                "b": 0.21568626165390016,
                "a": 1.0
            },
            "color3": {
                "r": 1.0,
                "g": 0.21568626165390016,
                "b": 0.21568626165390016,
                "a": 1.0
            }
        },
        {
            "category": 5,
            "partName": "",
            "partPackage": "",
            "color1": {
                "r": 0.3019607961177826,
                "g": 0.1921568661928177,
                "b": 0.1921568661928177,
                "a": 1.0
            },
            "color2": {
                "r": 0.3019607961177826,
                "g": 0.1921568661928177,
                "b": 0.1921568661928177,
                "a": 1.0
            },
            "color3": {
                "r": 0.3019607961177826,
                "g": 0.1921568661928177,
                "b": 0.1921568661928177,
                "a": 1.0
            }
        },
        {
            "category": 6,
            "partName": "",
            "partPackage": "",
            "color1": {
                "r": 0.5,
                "g": 0.5,
                "b": 0.5,
                "a": 1.0
            },
            "color2": {
                "r": 0.5,
                "g": 0.5,
                "b": 0.5,
                "a": 1.0
            },
            "color3": {
                "r": 0.5,
                "g": 0.5,
                "b": 0.5,
                "a": 1.0
            }
        },
        {
            "category": 7,
            "partName": "",
            "partPackage": "",
            "color1": {
                "r": 0.3019607961177826,
                "g": 0.1921568661928177,
                "b": 0.1921568661928177,
                "a": 1.0
            },
            "color2": {
                "r": 0.3019607961177826,
                "g": 0.1921568661928177,
                "b": 0.1921568661928177,
                "a": 1.0
            },
            "color3": {
                "r": 0.3019607961177826,
                "g": 0.1921568661928177,
                "b": 0.1921568661928177,
                "a": 1.0
            }
        },
        {
            "category": 8,
            "partName": "Cyborg 10",
            "partPackage": "Cyborg",
            "color1": {
                "r": 0.1031619980931282,
                "g": 0.10124444961547852,
                "b": 0.1133333370089531,
                "a": 1.0
            },
            "color2": {
                "r": 0.1568627506494522,
                "g": 0.1568627506494522,
                "b": 0.1568627506494522,
                "a": 1.0
            },
            "color3": {
                "r": 1.0,
                "g": 0.21568626165390016,
                "b": 0.21568626165390016,
                "a": 1.0
            }
        },
        {
            "category": 9,
            "partName": "Cyborg 04",
            "partPackage": "Cyborg",
            "color1": {
                "r": 1.0,
                "g": 0.21568626165390016,
                "b": 0.21568626165390016,
                "a": 1.0
            },
            "color2": {
                "r": 1.0,
                "g": 0.21568626165390016,
                "b": 0.21568626165390016,
                "a": 1.0
            },
            "color3": {
                "r": 1.0,
                "g": 0.21568626165390016,
                "b": 0.21568626165390016,
                "a": 1.0
            }
        },
        {
            "category": 10,
            "partName": "00",
            "partPackage": "Base",
            "color1": {
                "r": 0.5,
                "g": 0.5,
                "b": 0.5,
                "a": 1.0
            },
            "color2": {
                "r": 0.5,
                "g": 0.5,
                "b": 0.5,
                "a": 1.0
            },
            "color3": {
                "r": 0.5,
                "g": 0.5,
                "b": 0.5,
                "a": 1.0
            }
        },
        {
            "category": 11,
            "partName": "Cyborg 05 Male",
            "partPackage": "Cyborg",
            "color1": {
                "r": 0.1568627506494522,
                "g": 0.1568627506494522,
                "b": 0.1568627506494522,
                "a": 1.0
            },
            "color2": {
                "r": 0.1031619980931282,
                "g": 0.10124444961547852,
                "b": 0.1133333370089531,
                "a": 1.0
            },
            "color3": {
                "r": 1.0,
                "g": 0.21568626165390016,
                "b": 0.21568626165390016,