{
    "dataVersion": 1,
    "bodyType": 0,
    "skinColor": {
        "r": 0.6481401324272156,
        "g": 0.8147721886634827,
        "b": 0.8161764740943909,
        "a": 1.0
    },
    "tintColor": {
        "r": 1.0,
        "g": 1.0,
        "b": 1.0,
        "a": 1.0
    },
    "slotData": [
        {
            "category": 0,
            "partName": "Fantasy 00 Male",
            "partPackage": "Fantasy",
            "color1": {
                "r": 0.1031619980931282,
                "g": 0.10124444961547852,
                "b": 0.1133333370089531,
                "a": 1.0
            },
            "color2": {
                "r": 0.1031619980931282,
                "g": 0.10124444961547852,
                "b": 0.1133333370089531,
                "a": 1.0
            },
            "color3": {
                "r": 0.1031619980931282,
                "g": 0.10124444961547852,
                "b": 0.1133333370089531,
                "a": 1.0
            }
        },
        {
            "category": 1,
            "partName": "Cyborg 00",
            "partPackage": "Cyborg",
            "color1": {
                "r": 0.25367647409439089,
                "g": 0.4979414641857147,
                "b": 0.5,
                "a": 1.0
            },
            "color2": {
                "r": 0.1031619980931282,
                "g": 0.10124444961547852,
                "b": 0.1133333370089531,
                "a": 1.0
            },
            "color3": {
                "r": 0.8447772264480591,
                "g": 0.9184963703155518,
                "b": 0.9191176295280457,
                "a": 1.0
            }
        },
        {
            "category": 2,
            "partName": "Cyborg 03",
            "partPackage": "Cyborg",
            "color1": {
                "r": 0.5,
                "g": 0.5,
                "b": 0.5,
                "a": 1.0
            },
            "color2": {
                "r": 0.5,
                "g": 0.5,
                "b": 0.5,
                "a": 1.0
            },
            "color3": {
                "r": 0.5,
                "g": 0.5,
                "b": 0.5,
                "a": 1.0
            }
        },
        {
            "category": 3,
            "partName": "00",
            "partPackage": "Base",
            "color1": {
                "r": 0.3019607961177826,
                "g": 0.1921568661928177,
                "b": 0.1921568661928177,
                "a": 1.0
            },
            "color2": {
                "r": 0.3019607961177826,
                "g": 0.1921568661928177,
                "b": 0.1921568661928177,
                "a": 1.0
            },
            "color3": {
                "r": 0.3019607961177826,
                "g": 0.1921568661928177,
                "b": 0.1921568661928177,
                "a": 1.0
            }
        },
        {
            "category": 4,
            "partName": "00",
            "partPackage": "Base",
            "color1": {
                "r": 0.5,
                "g": 0.5,
                "b": 0.5,
                "a": 1.0
            },
            "color2": {
                "r": 0.5,
                "g": 0.5,
                "b": 0.5,
                "a": 1.0
            },
            "color3": {
                "r": 0.5,
                "g": 0.5,
                "b": 0.5,
                "a": 1.0
            }
        },
        {
            "category": 5,
            "partName": "",
            "partPackage": "",
            "color1": {
                "r": 0.3019607961177826,
                "g": 0.1921568661928177,
                "b": 0.1921568661928177,
                "a": 1.0
            },
            "color2": {
                "r": 0.3019607961177826,
                "g": 0.1921568661928177,
                "b": 0.1921568661928177,
                "a": 1.0
            },
            "color3": {
                "r": 0.3019607961177826,
                "g": 0.1921568661928177,
                "b": 0.1921568661928177,
                "a": 1.0
            }
        },
        {
            "category": 6,
            "partName": "",
            "partPackage": "",
            "color1": {
                "r": 0.5,
                "g": 0.5,
                "b": 0.5,
                "a": 1.0
            },
            "color2": {
                "r": 0.5,
                "g": 0.5,
                "b": 0.5,
                "a": 1.0
            },
            "color3": {
                "r": 0.5,
                "g": 0.5,
                "b": 0.5,
                "a": 1.0
            }
        },
        {
            "category": 7,
            "partName": "Cyborg 00",
            "partPackage": "Cyborg",
            "color1": {
                "r": 0.25367647409439089,
                "g": 0.4979414641857147,
                "b": 0.5,
                "a": 1.0
            },
            "color2": {
                "r": 0.25367647409439089,
                "g": 0.4979414641857147,
                "b": 0.5,
                "a": 1.0
            },
            "color3": {
                "r": 0.25367647409439089,
                "g": 0.4979414641857147,
                "b": 0.5,
                "a": 1.0
            }
        },
        {
            "category": 8,
            "partName": "Cyborg 03",
            "partPackage": "Cyborg",
            "color1": {
                "r": 0.25367647409439089,
                "g": 0.4979414641857147,
                "b": 0.5,
                "a": 1.0
            },
            "color2": {
                "r": 0.0,
                "g": 0.0,
                "b": 0.0,
                "a": 1.0
            },
            "color3": {
                "r": 0.8447772264480591,
                "g": 0.9184963703155518,
                "b": 0.9191176295280457,
                "a": 1.0
            }
        },
        {
            "category": 9,
            "partName": "Cyborg 06",
            "partPackage": "Cyborg",
            "color1": {
                "r": 0.6481401324272156,
                "g": 0.8147721886634827,
                "b": 0.8161764740943909,
                "a": 1.0
            },
            "color2": {
                "r": 0.6481401324272156,
                "g": 0.8147721886634827,
                "b": 0.8161764740943909,
                "a": 1.0
            },
            "color3": {
                "r": 0.6481401324272156,
                "g": 0.8147721886634827,
                "b": 0.8161764740943909,
                "a": 1.0
            }
        },
        {
            "category": 10,
            "partName": "Cyborg 04",
            "partPackage": "Cyborg",
            "color1": {
                "r": 0.5,
                "g": 0.5,
                "b": 0.5,
                "a": 1.0
            },
            "color2": {
                "r": 0.5,
                "g": 0.5,
                "b": 0.5,
                "a": 1.0
            },
            "color3": {
                "r": 0.5,
                "g": 0.5,
                "b": 0.5,
                "a": 1.0
            }
        },
        {
            "category": 11,
            "partName": "Fantasy 02 Male",
            "partPackage": "Fantasy",
            "color1": {
                "r": 0.1031619980931282,
                "g": 0.10124444961547852,
                "b": 0.1133333370089531,
                "a": 1.0
            },
            "color2": {
                "r": 0.1031619980931282,
                "g": 0.10124444961547852,
                "b": 0.1133333370089531,
                "a": 1.0
            },
            "color3": {
                "r": 0.1031619980931282,
                "g": 0.10124444961547852,
                "b": 0.1133333370089531,
                "a": 1.0
            }
        },
        {
            "category": 12,
            "partName": "Tattoo 05",
            "partPackage": "Sci-Fi",
            "color1": {
                "r": 0.19607843458652497,