{
    "dataVersion": 1,
    "bodyType": 0,
    "skinColor": {
        "r": 0.375,
        "g": 0.2141227126121521,
        "b": 0.12683823704719544,
        "a": 1.0
    },
    "tintColor": {
        "r": 1.0,
        "g": 1.0,
        "b": 1.0,
        "a": 1.0
    },
    "slotData": [
        {
            "category": 0,
            "partName": "Daily 13 Male",
            "partPackage": "Daily",
            "color1": {
                "r": 0.23871494829654694,
                "g": 0.37012583017349245,
                "b": 0.18035106360912324,
                "a": 1.0
            },
            "color2": {
                "r": 0.0828578844666481,
                "g": 0.31430041790008547,
                "b": 0.39537128806114199,
                "a": 1.0
            },
            "color3": {
                "r": 0.688218355178833,
                "g": 0.1789785623550415,
                "b": 0.1789785623550415,
                "a": 1.0
            }
        },
        {
            "category": 1,
            "partName": "Daily 10",
            "partPackage": "Daily",
            "color1": {
                "r": 0.0828578844666481,
                "g": 0.31430041790008547,
                "b": 0.39537128806114199,
                "a": 1.0
            },
            "color2": {
                "r": 0.23871494829654694,
                "g": 0.37012583017349245,
                "b": 0.18035106360912324,
                "a": 1.0
            },
            "color3": {
                "r": 0.1442474126815796,
                "g": 0.1618512123823166,
                "b": 0.21323531866073609,
                "a": 1.0
            }
        },
        {
            "category": 2,
            "partName": "00",
            "partPackage": "Base",
            "color1": {
                "r": 0.5,
                "g": 0.5,
                "b": 0.5,
                "a": 1.0
            },
            "color2": {
                "r": 0.5,
                "g": 0.5,
                "b": 0.5,
                "a": 1.0
            },
            "color3": {
                "r": 0.5,
                "g": 0.5,
                "b": 0.5,
                "a": 1.0
            }
        },
        {
            "category": 3,
            "partName": "00",
            "partPackage": "Base",
            "color1": {
                "r": 0.5808823108673096,
                "g": 0.5808823108673096,
                "b": 0.5808823108673096,
                "a": 1.0
            },
            "color2": {
                "r": 0.5808823108673096,
                "g": 0.5808823108673096,
                "b": 0.5808823108673096,
                "a": 1.0
            },
            "color3": {
                "r": 0.5808823108673096,
                "g": 0.5808823108673096,
                "b": 0.5808823108673096,
                "a": 1.0
            }
        },
        {
            "category": 4,
            "partName": "00",
            "partPackage": "Base",
            "color1": {
                "r": 0.29411762952804568,
                "g": 0.22807538509368897,
                "b": 0.17733563482761384,
                "a": 1.0
            },
            "color2": {
                "r": 0.29411762952804568,
                "g": 0.22807538509368897,
                "b": 0.17733563482761384,
                "a": 1.0
            },
            "color3": {
                "r": 0.29411762952804568,
                "g": 0.22807538509368897,
                "b": 0.17733563482761384,
                "a": 1.0
            }
        },
        {
            "category": 5,
            "partName": "01",
            "partPackage": "Base",
            "color1": {
                "r": 0.843137264251709,
                "g": 0.843137264251709,
                "b": 0.843137264251709,
                "a": 1.0
            },
            "color2": {
                "r": 0.843137264251709,
                "g": 0.843137264251709,
                "b": 0.843137264251709,
                "a": 1.0
            },
            "color3": {
                "r": 0.843137264251709,
                "g": 0.843137264251709,
                "b": 0.843137264251709,
                "a": 1.0
            }
        },
        {
            "category": 6,
            "partName": "",
            "partPackage": "",
            "color1": {
                "r": 0.5,
                "g": 0.5,
                "b": 0.5,
                "a": 1.0
            },
            "color2": {
                "r": 0.5,
                "g": 0.5,
                "b": 0.5,
                "a": 1.0
            },
            "color3": {
                "r": 0.5,
                "g": 0.5,
                "b": 0.5,
                "a": 1.0
            }
        },
        {
            "category": 7,
            "partName": "01",
            "partPackage": "Base",
            "color1": {
                "r": 0.5808823108673096,
                "g": 0.5808823108673096,
                "b": 0.5808823108673096,
                "a": 1.0
            },
            "color2": {
                "r": 0.5808823108673096,
                "g": 0.5808823108673096,
                "b": 0.5808823108673096,
                "a": 1.0
            },
            "color3": {
                "r": 0.5808823108673096,
                "g": 0.5808823108673096,
                "b": 0.5808823108673096,
                "a": 1.0
            }
        },
        {
            "category": 8,
            "partName": "Sci-Fi 01",
            "partPackage": "Sci-Fi",
            "color1": {
                "r": 0.21571113169193269,
                "g": 0.33088237047195437,
                "b": 0.17030709981918336,
                "a": 1.0
            },
            "color2": {
                "r": 0.1764705777168274,
                "g": 0.27641981840133669,
                "b": 0.375,
                "a": 1.0
            },
            "color3": {
                "r": 0.688218355178833,
                "g": 0.1789785623550415,
                "b": 0.1789785623550415,
                "a": 1.0
            }
        },
        {
            "category": 9,
            "partName": "00",
            "partPackage": "Base",
            "color1": {
                "r": 0.375,
                "g": 0.2141227126121521,
                "b": 0.12683823704719544,
                "a": 1.0
            },
            "color2": {
                "r": 0.375,
                "g": 0.2141227126121521,
                "b": 0.12683823704719544,
                "a": 1.0
            },
            "color3": {
                "r": 0.375,
                "g": 0.2141227126121521,
                "b": 0.12683823704719544,
                "a": 1.0
            }
        },
        {
            "category": 10,
            "partName": "00",
            "partPackage": "Base",
            "color1": {
                "r": 0.5,
                "g": 0.5,
                "b": 0.5,
                "a": 1.0
            },
            "color2": {
                "r": 0.5,
                "g": 0.5,
                "b": 0.5,
                "a": 1.0
            },
            "color3": {
                "r": 0.5,
                "g": 0.5,
                "b": 0.5,
                "a": 1.0
            }
        },
        {
            "category": 11,
            "partName": "Daily 13 Male",
            "partPackage": "Daily",
            "color1": {
                "r": 0.23871494829654694,
                "g": 0.37012583017349245,
                "b": 0.18035106360912324,
                "a": 1.0
            },
            "color2": {
                "r": 0.688218355178833,
                "g": 0.1789785623550415,
                "b": 0.1789785623550415,
                "a": 1.0
            },
            "color3": {
                "r": 0.0828578844666481,
                "g": 0.31430041790008547,
                "b": 0.39537128806114199,
                "a": 1.0
            }
        },
        {
            "category": 12,