{
    "dataVersion": 1,
    "bodyType": 0,
    "skinColor": {
        "r": 0.686274528503418,
        "g": 0.686274528503418,
        "b": 0.686274528503418,
        "a": 1.0
    },
    "tintColor": {
        "r": 1.0,
        "g": 1.0,
        "b": 1.0,
        "a": 1.0
    },
    "slotData": [
        {
            "category": 0,
            "partName": "Sci-Fi 03 Male",
            "partPackage": "Sci-Fi",
            "color1": {
                "r": 0.1568627506494522,
                "g": 0.1568627506494522,
                "b": 0.1568627506494522,
                "a": 1.0
            },
            "color2": {
                "r": 0.1568627506494522,
                "g": 0.1568627506494522,
                "b": 0.1568627506494522,
                "a": 1.0
            },
            "color3": {
                "r": 0.364705890417099,
                "g": 0.364705890417099,
                "b": 0.364705890417099,
                "a": 1.0
            }
        },
        {
            "category": 1,
            "partName": "Sci-Fi Set 03",
            "partPackage": "Sci-Fi",
            "color1": {
                "r": 0.1568627506494522,
                "g": 0.1568627506494522,
                "b": 0.1568627506494522,
                "a": 1.0
            },
            "color2": {
                "r": 0.0941176488995552,
                "g": 0.0941176488995552,
                "b": 0.0941176488995552,
                "a": 1.0
            },
            "color3": {
                "r": 0.1568627506494522,
                "g": 0.1568627506494522,
                "b": 0.1568627506494522,
                "a": 1.0
            }
        },
        {
            "category": 2,
            "partName": "Cyborg 00",
            "partPackage": "Cyborg",
            "color1": {
                "r": 1.0,
                "g": 0.6089354753494263,
                "b": 0.21568626165390016,
                "a": 1.0
            },
            "color2": {
                "r": 0.0,
                "g": 0.3231198787689209,
                "b": 1.0,
                "a": 1.0
            },
            "color3": {
                "r": 0.3859087824821472,
                "g": 0.0,
                "b": 0.7529411911964417,
                "a": 1.0
            }
        },
        {
            "category": 3,
            "partName": "Cyborg 02",
            "partPackage": "Cyborg",
            "color1": {
                "r": 0.364705890417099,
                "g": 0.364705890417099,
                "b": 0.364705890417099,
                "a": 1.0
            },
            "color2": {
                "r": 0.364705890417099,
                "g": 0.364705890417099,
                "b": 0.364705890417099,
                "a": 1.0
            },
            "color3": {
                "r": 0.364705890417099,
                "g": 0.364705890417099,
                "b": 0.364705890417099,
                "a": 1.0
            }
        },
        {
            "category": 4,
            "partName": "Cyborg 05",
            "partPackage": "Cyborg",
            "color1": {
                "r": 1.0,
                "g": 0.6089354753494263,
                "b": 0.21568626165390016,
                "a": 1.0
            },
            "color2": {
                "r": 1.0,
                "g": 0.6089354753494263,
                "b": 0.21568626165390016,
                "a": 1.0
            },
            "color3": {
                "r": 1.0,
                "g": 0.6089354753494263,
                "b": 0.21568626165390016,
                "a": 1.0
            }
        },
        {
            "category": 5,
            "partName": "",
            "partPackage": "",
            "color1": {
                "r": 0.3019607961177826,
                "g": 0.1921568661928177,
                "b": 0.1921568661928177,
                "a": 1.0
            },
            "color2": {
                "r": 0.3019607961177826,
                "g": 0.1921568661928177,
                "b": 0.1921568661928177,
                "a": 1.0
            },
            "color3": {
                "r": 0.3019607961177826,
                "g": 0.1921568661928177,
                "b": 0.1921568661928177,
                "a": 1.0
            }
        },
        {
            "category": 6,
            "partName": "",
            "partPackage": "",
            "color1": {
                "r": 0.5,
                "g": 0.5,
                "b": 0.5,
                "a": 1.0
            },
            "color2": {
                "r": 0.5,
                "g": 0.5,
                "b": 0.5,
                "a": 1.0
            },
            "color3": {
                "r": 0.5,
                "g": 0.5,
                "b": 0.5,
                "a": 1.0
            }
        },
        {
            "category": 7,
            "partName": "Sci-Fi 02",
            "partPackage": "Sci-Fi",
            "color1": {
                "r": 1.0,
                "g": 0.6089354753494263,
                "b": 0.21568626165390016,
                "a": 1.0
            },
            "color2": {
                "r": 1.0,
                "g": 0.6089354753494263,
                "b": 0.21568626165390016,
                "a": 1.0
            },
            "color3": {
                "r": 1.0,
                "g": 0.6089354753494263,
                "b": 0.21568626165390016,
                "a": 1.0
            }
        },
        {
            "category": 8,
            "partName": "",
            "partPackage": "",
            "color1": {
                "r": 0.5,
                "g": 0.5,
                "b": 0.5,
                "a": 1.0
            },
            "color2": {
                "r": 0.5,
                "g": 0.5,
                "b": 0.5,
                "a": 1.0
            },
            "color3": {
                "r": 0.5,
                "g": 0.5,
                "b": 0.5,
                "a": 1.0
            }
        },
        {
            "category": 9,
            "partName": "Cyborg 00",
            "partPackage": "Cyborg",
            "color1": {
                "r": 0.3333333432674408,
                "g": 0.3333333432674408,
                "b": 0.3333333432674408,
                "a": 1.0
            },
            "color2": {
                "r": 0.3333333432674408,
                "g": 0.3333333432674408,
                "b": 0.3333333432674408,
                "a": 1.0
            },
            "color3": {
                "r": 0.3333333432674408,
                "g": 0.3333333432674408,
                "b": 0.3333333432674408,
                "a": 1.0
            }
        },
        {
            "category": 10,
            "partName": "Cyborg 00",
            "partPackage": "Cyborg",
            "color1": {
                "r": 1.0,
                "g": 0.6089354753494263,
                "b": 0.21568626165390016,
                "a": 1.0
            },
            "color2": {
                "r": 1.0,
                "g": 0.6089354753494263,
                "b": 0.21568626165390016,
                "a": 1.0
            },
            "color3": {
                "r": 1.0,
                "g": 0.6089354753494263,
                "b": 0.21568626165390016,
                "a": 1.0
            }
        },
        {
            "category": 11,
            "partName": "Cyborg 03 Male",
            "partPackage": "Cyborg",
            "color1": {
                "r": 0.0941176488995552,
                "g": 0.0941176488995552,
                "b": 0.0941176488995552,
                "a": 1.0
            },
            "color2": {
                "r": 0.1568627506494522,
                "g": 0.1568627506494522,
                "b": 0.1568627506494522,
                "a": 1.0
            },
            "color3": {
                "r": 0.1568627506494522,
                "g": 0.1568627506494522,
                "b": 0.1568627506494522,