{
    "dataVersion": 1,
    "bodyType": 0,
    "skinColor": {
        "r": 1.0,
        "g": 0.7647058963775635,
        "b": 0.6392157077789307,
        "a": 1.0
    },
    "tintColor": {
        "r": 1.0,
        "g": 1.0,
        "b": 1.0,
        "a": 1.0
    },
    "slotData": [
        {
            "category": 0,
            "partName": "Fantasy 05 Male",
            "partPackage": "Fantasy",
            "color1": {
                "r": 0.18811550736427308,
                "g": 0.18202297389507295,
                "b": 0.2640949487686157,
                "a": 1.0
            },
            "color2": {
                "r": 0.8447772264480591,
                "g": 0.9184963703155518,
                "b": 0.9191176295280457,
                "a": 1.0
            },
            "color3": {
                "r": 0.5,
                "g": 0.5,
                "b": 0.5,
                "a": 1.0
            }
        },
        {
            "category": 1,
            "partName": "Daily 10",
            "partPackage": "Daily",
            "color1": {
                "r": 0.18811550736427308,
                "g": 0.18202297389507295,
                "b": 0.2640949487686157,
                "a": 1.0
            },
            "color2": {
                "r": 0.8447772264480591,
                "g": 0.9184963703155518,
                "b": 0.9191176295280457,
                "a": 1.0
            },
            "color3": {
                "r": 0.5,
                "g": 0.5,
                "b": 0.5,
                "a": 1.0
            }
        },
        {
            "category": 2,
            "partName": "00",
            "partPackage": "Base",
            "color1": {
                "r": 0.5,
                "g": 0.5,
                "b": 0.5,
                "a": 1.0
            },
            "color2": {
                "r": 0.5,
                "g": 0.5,
                "b": 0.5,
                "a": 1.0
            },
            "color3": {
                "r": 0.5,
                "g": 0.5,
                "b": 0.5,
                "a": 1.0
            }
        },
        {
            "category": 3,
            "partName": "Cyborg 03",
            "partPackage": "Cyborg",
            "color1": {
                "r": 0.1442474126815796,
                "g": 0.1618512123823166,
                "b": 0.21323531866073609,
                "a": 1.0
            },
            "color2": {
                "r": 0.1442474126815796,
                "g": 0.1618512123823166,
                "b": 0.21323531866073609,
                "a": 1.0
            },
            "color3": {
                "r": 0.1442474126815796,
                "g": 0.1618512123823166,
                "b": 0.21323531866073609,
                "a": 1.0
            }
        },
        {
            "category": 4,
            "partName": "14",
            "partPackage": "Base",
            "color1": {
                "r": 0.1442474126815796,
                "g": 0.1618512123823166,
                "b": 0.21323531866073609,
                "a": 1.0
            },
            "color2": {
                "r": 0.1442474126815796,
                "g": 0.1618512123823166,
                "b": 0.21323531866073609,
                "a": 1.0
            },
            "color3": {
                "r": 0.1442474126815796,
                "g": 0.1618512123823166,
                "b": 0.21323531866073609,
                "a": 1.0
            }
        },
        {
            "category": 5,
            "partName": "Oriental 00",
            "partPackage": "Oriental",
            "color1": {
                "r": 0.1442474126815796,
                "g": 0.1618512123823166,
                "b": 0.21323531866073609,
                "a": 1.0
            },
            "color2": {
                "r": 0.1442474126815796,
                "g": 0.1618512123823166,
                "b": 0.21323531866073609,
                "a": 1.0
            },
            "color3": {
                "r": 0.1442474126815796,
                "g": 0.1618512123823166,
                "b": 0.21323531866073609,
                "a": 1.0
            }
        },
        {
            "category": 6,
            "partName": "Fantasy 03",
            "partPackage": "Fantasy",
            "color1": {
                "r": 0.18811550736427308,
                "g": 0.18202297389507295,
                "b": 0.2640949487686157,
                "a": 1.0
            },
            "color2": {
                "r": 0.8447772264480591,
                "g": 0.9184963703155518,
                "b": 0.9191176295280457,
                "a": 1.0
            },
            "color3": {
                "r": 0.5,
                "g": 0.5,
                "b": 0.5,
                "a": 1.0
            }
        },
        {
            "category": 7,
            "partName": "Daily 00",
            "partPackage": "Daily",
            "color1": {
                "r": 0.1442474126815796,
                "g": 0.1618512123823166,
                "b": 0.21323531866073609,
                "a": 1.0
            },
            "color2": {
                "r": 0.1442474126815796,
                "g": 0.1618512123823166,
                "b": 0.21323531866073609,
                "a": 1.0
            },
            "color3": {
                "r": 0.1442474126815796,
                "g": 0.1618512123823166,
                "b": 0.21323531866073609,
                "a": 1.0
            }
        },
        {
            "category": 8,
            "partName": "Fantasy 08",
            "partPackage": "Fantasy",
            "color1": {
                "r": 0.18811550736427308,
                "g": 0.18202297389507295,
                "b": 0.2640949487686157,
                "a": 1.0
            },
            "color2": {
                "r": 0.8447772264480591,
                "g": 0.9184963703155518,
                "b": 0.9191176295280457,
                "a": 1.0
            },
            "color3": {
                "r": 0.5,
                "g": 0.5,
                "b": 0.5,
                "a": 1.0
            }
        },
        {
            "category": 9,
            "partName": "01",
            "partPackage": "Base",
            "color1": {
                "r": 1.0,
                "g": 0.7647058963775635,
                "b": 0.6392157077789307,
                "a": 1.0
            },
            "color2": {
                "r": 1.0,
                "g": 0.7647058963775635,
                "b": 0.6392157077789307,
                "a": 1.0
            },
            "color3": {
                "r": 1.0,
                "g": 0.7647058963775635,
                "b": 0.6392157077789307,
                "a": 1.0
            }
        },
        {
            "category": 10,
            "partName": "07",
            "partPackage": "Base",
            "color1": {
                "r": 0.5,
                "g": 0.5,
                "b": 0.5,
                "a": 1.0
            },
            "color2": {
                "r": 0.5,
                "g": 0.5,
                "b": 0.5,
                "a": 1.0
            },
            "color3": {
                "r": 0.5,
                "g": 0.5,
                "b": 0.5,
                "a": 1.0
            }
        },
        {
            "category": 11,
            "partName": "Oriental 02 Male",
            "partPackage": "Oriental",
            "color1": {
                "r": 0.18811550736427308,
                "g": 0.18202297389507295,
                "b": 0.2640949487686157,
                "a": 1.0
            },
            "color2": {
                "r": 0.8447772264480591,
                "g": 0.9184963703155518,
                "b": 0.9191176295280457,
                "a": 1.0
            },
            "color3": {
                "r": 0.18811550736427308,
                "g": 0.18202297389507295,
                "b": 0.2640949487686157,