{
    "dataVersion": 1,
    "bodyType": 1,
    "skinColor": {
        "r": 1.0,
        "g": 0.7664300203323364,
        "b": 0.6397058963775635,
        "a": 1.0
    },
    "tintColor": {
        "r": 1.0,
        "g": 1.0,
        "b": 1.0,
        "a": 1.0
    },
    "slotData": [
        {
            "category": 0,
            "partName": "Daily 03 Female",
            "partPackage": "Daily",
            "color1": {
                "r": 0.1031619980931282,
                "g": 0.10124444961547852,
                "b": 0.1133333370089531,
                "a": 1.0
            },
            "color2": {
                "r": 0.38063016533851626,
                "g": 0.31574147939682009,
                "b": 0.5367457866668701,
                "a": 1.0
            },
            "color3": {
                "r": 0.38063016533851626,
                "g": 0.31574147939682009,
                "b": 0.5367457866668701,
                "a": 1.0
            }
        },
        {
            "category": 1,
            "partName": "Daily 04",
            "partPackage": "Daily",
            "color1": {
                "r": 0.1031619980931282,
                "g": 0.10124444961547852,
                "b": 0.1133333370089531,
                "a": 1.0
            },
            "color2": {
                "r": 0.38063016533851626,
                "g": 0.31574147939682009,
                "b": 0.5367457866668701,
                "a": 1.0
            },
            "color3": {
                "r": 0.5,
                "g": 0.5,
                "b": 0.5,
                "a": 1.0
            }
        },
        {
            "category": 2,
            "partName": "00",
            "partPackage": "Base",
            "color1": {
                "r": 0.5,
                "g": 0.5,
                "b": 0.5,
                "a": 1.0
            },
            "color2": {
                "r": 0.5,
                "g": 0.5,
                "b": 0.5,
                "a": 1.0
            },
            "color3": {
                "r": 0.5,
                "g": 0.5,
                "b": 0.5,
                "a": 1.0
            }
        },
        {
            "category": 3,
            "partName": "10",
            "partPackage": "Base",
            "color1": {
                "r": 0.38063016533851626,
                "g": 0.31574147939682009,
                "b": 0.5367457866668701,
                "a": 1.0
            },
            "color2": {
                "r": 0.38063016533851626,
                "g": 0.31574147939682009,
                "b": 0.5367457866668701,
                "a": 1.0
            },
            "color3": {
                "r": 0.38063016533851626,
                "g": 0.31574147939682009,
                "b": 0.5367457866668701,
                "a": 1.0
            }
        },
        {
            "category": 4,
            "partName": "00",
            "partPackage": "Base",
            "color1": {
                "r": 0.38063016533851626,
                "g": 0.31574147939682009,
                "b": 0.5367457866668701,
                "a": 1.0
            },
            "color2": {
                "r": 0.38063016533851626,
                "g": 0.31574147939682009,
                "b": 0.5367457866668701,
                "a": 1.0
            },
            "color3": {
                "r": 0.38063016533851626,
                "g": 0.31574147939682009,
                "b": 0.5367457866668701,
                "a": 1.0
            }
        },
        {
            "category": 5,
            "partName": "",
            "partPackage": "",
            "color1": {
                "r": 0.3019607961177826,
                "g": 0.1921568661928177,
                "b": 0.1921568661928177,
                "a": 1.0
            },
            "color2": {
                "r": 0.3019607961177826,
                "g": 0.1921568661928177,
                "b": 0.1921568661928177,
                "a": 1.0
            },
            "color3": {
                "r": 0.3019607961177826,
                "g": 0.1921568661928177,
                "b": 0.1921568661928177,
                "a": 1.0
            }
        },
        {
            "category": 6,
            "partName": "",
            "partPackage": "",
            "color1": {
                "r": 0.5,
                "g": 0.5,
                "b": 0.5,
                "a": 1.0
            },
            "color2": {
                "r": 0.5,
                "g": 0.5,
                "b": 0.5,
                "a": 1.0
            },
            "color3": {
                "r": 0.5,
                "g": 0.5,
                "b": 0.5,
                "a": 1.0
            }
        },
        {
            "category": 7,
            "partName": "Sci-Fi 25",
            "partPackage": "Sci-Fi",
            "color1": {
                "r": 0.38063016533851626,
                "g": 0.31574147939682009,
                "b": 0.5367457866668701,
                "a": 1.0
            },
            "color2": {
                "r": 0.38063016533851626,
                "g": 0.31574147939682009,
                "b": 0.5367457866668701,
                "a": 1.0
            },
            "color3": {
                "r": 0.38063016533851626,
                "g": 0.31574147939682009,
                "b": 0.5367457866668701,
                "a": 1.0
            }
        },
        {
            "category": 8,
            "partName": "",
            "partPackage": "",
            "color1": {
                "r": 0.5,
                "g": 0.5,
                "b": 0.5,
                "a": 1.0
            },
            "color2": {
                "r": 0.5,
                "g": 0.5,
                "b": 0.5,
                "a": 1.0
            },
            "color3": {
                "r": 0.5,
                "g": 0.5,
                "b": 0.5,
                "a": 1.0
            }
        },
        {
            "category": 9,
            "partName": "08",
            "partPackage": "Base",
            "color1": {
                "r": 0.38063016533851626,
                "g": 0.31574147939682009,
                "b": 0.5367457866668701,
                "a": 1.0
            },
            "color2": {
                "r": 0.38063016533851626,
                "g": 0.31574147939682009,
                "b": 0.5367457866668701,
                "a": 1.0
            },
            "color3": {
                "r": 0.38063016533851626,
                "g": 0.31574147939682009,
                "b": 0.5367457866668701,
                "a": 1.0
            }
        },
        {
            "category": 10,
            "partName": "06",
            "partPackage": "Base",
            "color1": {
                "r": 0.5,
                "g": 0.5,
                "b": 0.5,
                "a": 1.0
            },
            "color2": {
                "r": 0.5,
                "g": 0.5,
                "b": 0.5,
                "a": 1.0
            },
            "color3": {
                "r": 0.5,
                "g": 0.5,
                "b": 0.5,
                "a": 1.0
            }
        },
        {
            "category": 11,
            "partName": "Daily 06 Female",
            "partPackage": "Daily",
            "color1": {
                "r": 0.1031619980931282,
                "g": 0.10124444961547852,
                "b": 0.1133333370089531,
                "a": 1.0
            },
            "color2": {
                "r": 0.38063016533851626,
                "g": 0.31574147939682009,
                "b": 0.5367457866668701,
                "a": 1.0
            },
            "color3": {
                "r": 0.5,
                "g": 0.5,
                "b": 0.5,
                "a": 1.0
            }
        },
        {
            "category": 12,
            "partName": "Face Tattoo 02",
            "partPackage": "Sci-Fi",
            "color1": {
                "r": 0.38063016533851626,