{
    "dataVersion": 1,
    "bodyType": 1,
    "skinColor": {
        "r": 1.0,
        "g": 0.769565224647522,
        "b": 0.6466666460037231,
        "a": 1.0
    },
    "tintColor": {
        "r": 1.0,
        "g": 1.0,
        "b": 1.0,
        "a": 1.0
    },
    "slotData": [
        {
            "category": 0,
            "partName": "Fantasy 10 Female",
            "partPackage": "Fantasy",
            "color1": {
                "r": 0.16671110689640046,
                "g": 0.17112000286579133,
                "b": 0.20666666328907014,
                "a": 1.0
            },
            "color2": {
                "r": 0.2901333272457123,
                "g": 0.2956358790397644,
                "b": 0.3400000035762787,
                "a": 1.0
            },
            "color3": {
                "r": 0.06536666303873062,
                "g": 0.10132990777492523,
                "b": 0.17666666209697724,
                "a": 1.0
            }
        },
        {
            "category": 1,
            "partName": "Fantasy 10",
            "partPackage": "Fantasy",
            "color1": {
                "r": 0.16671110689640046,
                "g": 0.17112000286579133,
                "b": 0.20666666328907014,
                "a": 1.0
            },
            "color2": {
                "r": 0.2901333272457123,
                "g": 0.2956358790397644,
                "b": 0.3400000035762787,
                "a": 1.0
            },
            "color3": {
                "r": 0.06536666303873062,
                "g": 0.10132990777492523,
                "b": 0.17666666209697724,
                "a": 1.0
            }
        },
        {
            "category": 2,
            "partName": "00",
            "partPackage": "Base",
            "color1": {
                "r": 0.5,
                "g": 0.5,
                "b": 0.5,
                "a": 1.0
            },
            "color2": {
                "r": 0.5,
                "g": 0.5,
                "b": 0.5,
                "a": 1.0
            },
            "color3": {
                "r": 0.5,
                "g": 0.5,
                "b": 0.5,
                "a": 1.0
            }
        },
        {
            "category": 3,
            "partName": "09",
            "partPackage": "Base",
            "color1": {
                "r": 0.1764705777168274,
                "g": 0.27641981840133669,
                "b": 0.375,
                "a": 1.0
            },
            "color2": {
                "r": 0.1764705777168274,
                "g": 0.27641981840133669,
                "b": 0.375,
                "a": 1.0
            },
            "color3": {
                "r": 0.1764705777168274,
                "g": 0.27641981840133669,
                "b": 0.375,
                "a": 1.0
            }
        },
        {
            "category": 4,
            "partName": "00",
            "partPackage": "Base",
            "color1": {
                "r": 0.1799110770225525,
                "g": 0.4354540705680847,
                "b": 0.8433333039283752,
                "a": 1.0
            },
            "color2": {
                "r": 0.1799110770225525,
                "g": 0.4354540705680847,
                "b": 0.8433333039283752,
                "a": 1.0
            },
            "color3": {
                "r": 0.1799110770225525,
                "g": 0.4354540705680847,
                "b": 0.8433333039283752,
                "a": 1.0
            }
        },
        {
            "category": 5,
            "partName": "",
            "partPackage": "",
            "color1": {
                "r": 0.3019607961177826,
                "g": 0.1921568661928177,
                "b": 0.1921568661928177,
                "a": 1.0
            },
            "color2": {
                "r": 0.3019607961177826,
                "g": 0.1921568661928177,
                "b": 0.1921568661928177,
                "a": 1.0
            },
            "color3": {
                "r": 0.3019607961177826,
                "g": 0.1921568661928177,
                "b": 0.1921568661928177,
                "a": 1.0
            }
        },
        {
            "category": 6,
            "partName": "Fantasy Set 01",
            "partPackage": "Fantasy",
            "color1": {
                "r": 0.06536666303873062,
                "g": 0.10132990777492523,
                "b": 0.17666666209697724,
                "a": 1.0
            },
            "color2": {
                "r": 0.2901333272457123,
                "g": 0.2956358790397644,
                "b": 0.3400000035762787,
                "a": 1.0
            },
            "color3": {
                "r": 0.06536666303873062,
                "g": 0.10132990777492523,
                "b": 0.17666666209697724,
                "a": 1.0
            }
        },
        {
            "category": 7,
            "partName": "13",
            "partPackage": "Base",
            "color1": {
                "r": 0.09955555200576782,
                "g": 0.23738843202590943,
                "b": 0.3733333349227905,
                "a": 1.0
            },
            "color2": {
                "r": 0.09955555200576782,
                "g": 0.23738843202590943,
                "b": 0.3733333349227905,
                "a": 1.0
            },
            "color3": {
                "r": 0.09955555200576782,
                "g": 0.23738843202590943,
                "b": 0.3733333349227905,
                "a": 1.0
            }
        },
        {
            "category": 8,
            "partName": "",
            "partPackage": "",
            "color1": {
                "r": 0.5,
                "g": 0.5,
                "b": 0.5,
                "a": 1.0
            },
            "color2": {
                "r": 0.5,
                "g": 0.5,
                "b": 0.5,
                "a": 1.0
            },
            "color3": {
                "r": 0.5,
                "g": 0.5,
                "b": 0.5,
                "a": 1.0
            }
        },
        {
            "category": 9,
            "partName": "11",
            "partPackage": "Emote",
            "color1": {
                "r": 0.9411764740943909,
                "g": 0.43278437852859499,
                "b": 0.4013840854167938,
                "a": 1.0
            },
            "color2": {
                "r": 0.9411764740943909,
                "g": 0.43278437852859499,
                "b": 0.4013840854167938,
                "a": 1.0
            },
            "color3": {
                "r": 0.9411764740943909,
                "g": 0.43278437852859499,
                "b": 0.4013840854167938,
                "a": 1.0
            }
        },
        {
            "category": 10,
            "partName": "07",
            "partPackage": "Base",
            "color1": {
                "r": 0.5,
                "g": 0.5,
                "b": 0.5,
                "a": 1.0
            },
            "color2": {
                "r": 0.5,
                "g": 0.5,
                "b": 0.5,
                "a": 1.0
            },
            "color3": {
                "r": 0.5,
                "g": 0.5,
                "b": 0.5,
                "a": 1.0
            }
        },
        {
            "category": 11,
            "partName": "Sci-Fi Set 00 Female",
            "partPackage": "Sci-Fi",
            "color1": {
                "r": 0.16671110689640046,
                "g": 0.17112000286579133,
                "b": 0.20666666328907014,
                "a": 1.0
            },
            "color2": {
                "r": 0.2901333272457123,
                "g": 0.2956358790397644,
                "b": 0.3400000035762787,
                "a": 1.0
            },
            "color3": {
                "r": 0.06536666303873062,
                "g": 0.10132990777492523,
                "b": 0.17666666209697724,