{
    "dataVersion": 1,
    "bodyType": 1,
    "skinColor": {
        "r": 1.0,
        "g": 0.9091277718544006,
        "b": 0.7941176295280457,
        "a": 1.0
    },
    "tintColor": {
        "r": 1.0,
        "g": 1.0,
        "b": 1.0,
        "a": 1.0
    },
    "slotData": [
        {
            "category": 0,
            "partName": "Oriental 01 Female",
            "partPackage": "Oriental",
            "color1": {
                "r": 0.1031619980931282,
                "g": 0.10124444961547852,
                "b": 0.1133333370089531,
                "a": 1.0
            },
            "color2": {
                "r": 0.0,
                "g": 0.7466492056846619,
                "b": 0.7529411911964417,
                "a": 1.0
            },
            "color3": {
                "r": 0.1442474126815796,
                "g": 0.1618512123823166,
                "b": 0.21323531866073609,
                "a": 1.0
            }
        },
        {
            "category": 1,
            "partName": "Sci-Fi Set 01",
            "partPackage": "Sci-Fi",
            "color1": {
                "r": 0.1031619980931282,
                "g": 0.10124444961547852,
                "b": 0.1133333370089531,
                "a": 1.0
            },
            "color2": {
                "r": 0.0,
                "g": 0.7466492056846619,
                "b": 0.7529411911964417,
                "a": 1.0
            },
            "color3": {
                "r": 0.3333333432674408,
                "g": 0.3333333432674408,
                "b": 0.3333333432674408,
                "a": 1.0
            }
        },
        {
            "category": 2,
            "partName": "00",
            "partPackage": "Base",
            "color1": {
                "r": 0.5,
                "g": 0.5,
                "b": 0.5,
                "a": 1.0
            },
            "color2": {
                "r": 0.5,
                "g": 0.5,
                "b": 0.5,
                "a": 1.0
            },
            "color3": {
                "r": 0.5,
                "g": 0.5,
                "b": 0.5,
                "a": 1.0
            }
        },
        {
            "category": 3,
            "partName": "01",
            "partPackage": "Base",
            "color1": {
                "r": 0.1442474126815796,
                "g": 0.1618512123823166,
                "b": 0.21323531866073609,
                "a": 1.0
            },
            "color2": {
                "r": 0.1442474126815796,
                "g": 0.1618512123823166,
                "b": 0.21323531866073609,
                "a": 1.0
            },
            "color3": {
                "r": 0.1442474126815796,
                "g": 0.1618512123823166,
                "b": 0.21323531866073609,
                "a": 1.0
            }
        },
        {
            "category": 4,
            "partName": "00",
            "partPackage": "Base",
            "color1": {
                "r": 0.6176745891571045,
                "g": 0.21568626165390016,
                "b": 1.0,
                "a": 1.0
            },
            "color2": {
                "r": 0.6176745891571045,
                "g": 0.21568626165390016,
                "b": 1.0,
                "a": 1.0
            },
            "color3": {
                "r": 0.6176745891571045,
                "g": 0.21568626165390016,
                "b": 1.0,
                "a": 1.0
            }
        },
        {
            "category": 5,
            "partName": "",
            "partPackage": "",
            "color1": {
                "r": 0.3019607961177826,
                "g": 0.1921568661928177,
                "b": 0.1921568661928177,
                "a": 1.0
            },
            "color2": {
                "r": 0.3019607961177826,
                "g": 0.1921568661928177,
                "b": 0.1921568661928177,
                "a": 1.0
            },
            "color3": {
                "r": 0.3019607961177826,
                "g": 0.1921568661928177,
                "b": 0.1921568661928177,
                "a": 1.0
            }
        },
        {
            "category": 6,
            "partName": "",
            "partPackage": "",
            "color1": {
                "r": 0.5,
                "g": 0.5,
                "b": 0.5,
                "a": 1.0
            },
            "color2": {
                "r": 0.5,
                "g": 0.5,
                "b": 0.5,
                "a": 1.0
            },
            "color3": {
                "r": 0.5,
                "g": 0.5,
                "b": 0.5,
                "a": 1.0
            }
        },
        {
            "category": 7,
            "partName": "Daily 09",
            "partPackage": "Daily",
            "color1": {
                "r": 0.1442474126815796,
                "g": 0.1618512123823166,
                "b": 0.21323531866073609,
                "a": 1.0
            },
            "color2": {
                "r": 0.1442474126815796,
                "g": 0.1618512123823166,
                "b": 0.21323531866073609,
                "a": 1.0
            },
            "color3": {
                "r": 0.1442474126815796,
                "g": 0.1618512123823166,
                "b": 0.21323531866073609,
                "a": 1.0
            }
        },
        {
            "category": 8,
            "partName": "Oriental Set 05",
            "partPackage": "Oriental",
            "color1": {
                "r": 0.1031619980931282,
                "g": 0.10124444961547852,
                "b": 0.1133333370089531,
                "a": 1.0
            },
            "color2": {
                "r": 0.0,
                "g": 0.7466492056846619,
                "b": 0.7529411911964417,
                "a": 1.0
            },
            "color3": {
                "r": 0.1442474126815796,
                "g": 0.1618512123823166,
                "b": 0.21323531866073609,
                "a": 1.0
            }
        },
        {
            "category": 9,
            "partName": "08",
            "partPackage": "Base",
            "color1": {
                "r": 1.0,
                "g": 0.7647058963775635,
                "b": 0.6392157077789307,
                "a": 1.0
            },
            "color2": {
                "r": 1.0,
                "g": 0.7647058963775635,
                "b": 0.6392157077789307,
                "a": 1.0
            },
            "color3": {
                "r": 1.0,
                "g": 0.7647058963775635,
                "b": 0.6392157077789307,
                "a": 1.0
            }
        },
        {
            "category": 10,
            "partName": "06",
            "partPackage": "Base",
            "color1": {
                "r": 0.5,
                "g": 0.5,
                "b": 0.5,
                "a": 1.0
            },
            "color2": {
                "r": 0.5,
                "g": 0.5,
                "b": 0.5,
                "a": 1.0
            },
            "color3": {
                "r": 0.5,
                "g": 0.5,
                "b": 0.5,
                "a": 1.0
            }
        },
        {
            "category": 11,
            "partName": "Oriental 00 Female",
            "partPackage": "Oriental",
            "color1": {
                "r": 0.1031619980931282,
                "g": 0.10124444961547852,
                "b": 0.1133333370089531,
                "a": 1.0
            },
            "color2": {
                "r": 0.0,
                "g": 0.7466492056846619,
                "b": 0.7529411911964417,
                "a": 1.0
            },
            "color3": {
                "r": 0.1442474126815796,
                "g": 0.1618512123823166,
                "b": 0.21323531866073609,
                "a": 1.0
            }
        },
        {
            "category": 12,
            "partName": "",
            "partPackage": "",