{
    "dataVersion": 1,
    "bodyType": 0,
    "skinColor": {
        "r": 1.0,
        "g": 0.7647058963775635,
        "b": 0.6392157077789307,
        "a": 1.0
    },
    "tintColor": {
        "r": 1.0,
        "g": 1.0,
        "b": 1.0,
        "a": 1.0
    },
    "slotData": [
        {
            "category": 0,
            "partName": "Daily 07 Male",
            "partPackage": "Daily",
            "color1": {
                "r": 0.22058820724487306,
                "g": 0.22058820724487306,
                "b": 0.22058820724487306,
                "a": 1.0
            },
            "color2": {
                "r": 0.6629729866981506,
                "g": 0.20923472940921784,
                "b": 0.44313856959342959,
                "a": 1.0
            },
            "color3": {
                "r": 1.0,
                "g": 1.0,
                "b": 1.0,
                "a": 1.0
            }
        },
        {
            "category": 1,
            "partName": "Sci-Fi 00",
            "partPackage": "Sci-Fi",
            "color1": {
                "r": 0.20588237047195435,
                "g": 0.20588237047195435,
                "b": 0.20588237047195435,
                "a": 1.0
            },
            "color2": {
                "r": 0.5882352590560913,
                "g": 0.18598614633083344,
                "b": 0.3940460681915283,
                "a": 1.0
            },
            "color3": {
                "r": 1.0,
                "g": 1.0,
                "b": 1.0,
                "a": 1.0
            }
        },
        {
            "category": 2,
            "partName": "00",
            "partPackage": "Base",
            "color1": {
                "r": 0.5,
                "g": 0.5,
                "b": 0.5,
                "a": 1.0
            },
            "color2": {
                "r": 0.5,
                "g": 0.5,
                "b": 0.5,
                "a": 1.0
            },
            "color3": {
                "r": 0.5,
                "g": 0.5,
                "b": 0.5,
                "a": 1.0
            }
        },
        {
            "category": 3,
            "partName": "06",
            "partPackage": "Base",
            "color1": {
                "r": 0.595588207244873,
                "g": 0.21781855821609498,
                "b": 0.13137973845005036,
                "a": 1.0
            },
            "color2": {
                "r": 0.595588207244873,
                "g": 0.21781855821609498,
                "b": 0.13137973845005036,
                "a": 1.0
            },
            "color3": {
                "r": 0.595588207244873,
                "g": 0.21781855821609498,
                "b": 0.13137973845005036,
                "a": 1.0
            }
        },
        {
            "category": 4,
            "partName": "08",
            "partPackage": "Base",
            "color1": {
                "r": 0.29411762952804568,
                "g": 0.22807538509368897,
                "b": 0.17733563482761384,
                "a": 1.0
            },
            "color2": {
                "r": 0.29411762952804568,
                "g": 0.22807538509368897,
                "b": 0.17733563482761384,
                "a": 1.0
            },
            "color3": {
                "r": 0.29411762952804568,
                "g": 0.22807538509368897,
                "b": 0.17733563482761384,
                "a": 1.0
            }
        },
        {
            "category": 5,
            "partName": "02",
            "partPackage": "Base",
            "color1": {
                "r": 0.595588207244873,
                "g": 0.21781855821609498,
                "b": 0.13137973845005036,
                "a": 1.0
            },
            "color2": {
                "r": 0.595588207244873,
                "g": 0.21781855821609498,
                "b": 0.13137973845005036,
                "a": 1.0
            },
            "color3": {
                "r": 0.595588207244873,
                "g": 0.21781855821609498,
                "b": 0.13137973845005036,
                "a": 1.0
            }
        },
        {
            "category": 6,
            "partName": "",
            "partPackage": "",
            "color1": {
                "r": 0.5,
                "g": 0.5,
                "b": 0.5,
                "a": 1.0
            },
            "color2": {
                "r": 0.5,
                "g": 0.5,
                "b": 0.5,
                "a": 1.0
            },
            "color3": {
                "r": 0.5,
                "g": 0.5,
                "b": 0.5,
                "a": 1.0
            }
        },
        {
            "category": 7,
            "partName": "06",
            "partPackage": "Base",
            "color1": {
                "r": 0.595588207244873,
                "g": 0.21781855821609498,
                "b": 0.13137973845005036,
                "a": 1.0
            },
            "color2": {
                "r": 0.595588207244873,
                "g": 0.21781855821609498,
                "b": 0.13137973845005036,
                "a": 1.0
            },
            "color3": {
                "r": 0.595588207244873,
                "g": 0.21781855821609498,
                "b": 0.13137973845005036,
                "a": 1.0
            }
        },
        {
            "category": 8,
            "partName": "Sci-Fi 00",
            "partPackage": "Sci-Fi",
            "color1": {
                "r": 0.20588237047195435,
                "g": 0.20588237047195435,
                "b": 0.20588237047195435,
                "a": 1.0
            },
            "color2": {
                "r": 0.5882352590560913,
                "g": 0.18598614633083344,
                "b": 0.3940460681915283,
                "a": 1.0
            },
            "color3": {
                "r": 0.5,
                "g": 0.5,
                "b": 0.5,
                "a": 1.0
            }
        },
        {
            "category": 9,
            "partName": "04",
            "partPackage": "Base",
            "color1": {
                "r": 1.0,
                "g": 0.7647058963775635,
                "b": 0.6392157077789307,
                "a": 1.0
            },
            "color2": {
                "r": 1.0,
                "g": 0.7647058963775635,
                "b": 0.6392157077789307,
                "a": 1.0
            },
            "color3": {
                "r": 1.0,
                "g": 0.7647058963775635,
                "b": 0.6392157077789307,
                "a": 1.0
            }
        },
        {
            "category": 10,
            "partName": "00",
            "partPackage": "Base",
            "color1": {
                "r": 0.5,
                "g": 0.5,
                "b": 0.5,
                "a": 1.0
            },
            "color2": {
                "r": 0.5,
                "g": 0.5,
                "b": 0.5,
                "a": 1.0
            },
            "color3": {
                "r": 0.5,
                "g": 0.5,
                "b": 0.5,
                "a": 1.0
            }
        },
        {
            "category": 11,
            "partName": "Daily 12 Male",
            "partPackage": "Daily",
            "color1": {
                "r": 0.20588237047195435,
                "g": 0.20588237047195435,
                "b": 0.20588237047195435,
                "a": 1.0
            },
            "color2": {
                "r": 0.20588237047195435,
                "g": 0.20588237047195435,
                "b": 0.20588237047195435,
                "a": 1.0
            },
            "color3": {
                "r": 0.20588237047195435,
                "g": 0.20588237047195435,
                "b": 0.20588237047195435,
                "a": 1.0
            }
        },
        {
            "category": 12,
            "partName": "",
            "partPackage": "",
            "color1": {
                "r": 0.5,